-- MySQL dump 10.13  Distrib 5.7.20, for Linux (x86_64)
--
-- Host: localhost    Database: easyhrd
-- ------------------------------------------------------
-- Server version	5.7.20-0ubuntu0.16.04.1

/*!40101 SET @OLD_CHARACTER_SET_CLIENT=@@CHARACTER_SET_CLIENT */;
/*!40101 SET @OLD_CHARACTER_SET_RESULTS=@@CHARACTER_SET_RESULTS */;
/*!40101 SET @OLD_COLLATION_CONNECTION=@@COLLATION_CONNECTION */;
/*!40101 SET NAMES utf8 */;
/*!40103 SET @OLD_TIME_ZONE=@@TIME_ZONE */;
/*!40103 SET TIME_ZONE='+00:00' */;
/*!40014 SET @OLD_UNIQUE_CHECKS=@@UNIQUE_CHECKS, UNIQUE_CHECKS=0 */;
/*!40014 SET @OLD_FOREIGN_KEY_CHECKS=@@FOREIGN_KEY_CHECKS, FOREIGN_KEY_CHECKS=0 */;
/*!40101 SET @OLD_SQL_MODE=@@SQL_MODE, SQL_MODE='NO_AUTO_VALUE_ON_ZERO' */;
/*!40111 SET @OLD_SQL_NOTES=@@SQL_NOTES, SQL_NOTES=0 */;

--
-- Table structure for table `alembic_version`
--

DROP TABLE IF EXISTS `alembic_version`;
/*!40101 SET @saved_cs_client     = @@character_set_client */;
/*!40101 SET character_set_client = utf8 */;
CREATE TABLE `alembic_version` (
  `version_num` varchar(32) NOT NULL,
  PRIMARY KEY (`version_num`)
) ENGINE=InnoDB DEFAULT CHARSET=latin1;
/*!40101 SET character_set_client = @saved_cs_client */;

--
-- Dumping data for table `alembic_version`
--

LOCK TABLES `alembic_version` WRITE;
/*!40000 ALTER TABLE `alembic_version` DISABLE KEYS */;
INSERT INTO `alembic_version` VALUES ('e1a3cc59e9ed');
/*!40000 ALTER TABLE `alembic_version` ENABLE KEYS */;
UNLOCK TABLES;

--
-- Table structure for table `attendance`
--

DROP TABLE IF EXISTS `attendance`;
/*!40101 SET @saved_cs_client     = @@character_set_client */;
/*!40101 SET character_set_client = utf8 */;
CREATE TABLE `attendance` (
  `id` int(11) NOT NULL AUTO_INCREMENT,
  `name` varchar(100) DEFAULT NULL,
  `departement` varchar(100) DEFAULT NULL,
  `start` datetime DEFAULT NULL,
  `end` datetime DEFAULT NULL,
  `reason` text,
  `status` varchar(100) DEFAULT NULL,
  `attener_id` int(11) DEFAULT NULL,
  `attener_owner` int(11) DEFAULT NULL,
  `attens_id` int(11) DEFAULT NULL,
  `date` datetime DEFAULT NULL,
  PRIMARY KEY (`id`),
  KEY `attener_id` (`attener_id`),
  KEY `attens_id` (`attens_id`),
  CONSTRAINT `attendance_ibfk_1` FOREIGN KEY (`attener_id`) REFERENCES `user` (`id`),
  CONSTRAINT `attendance_ibfk_2` FOREIGN KEY (`attens_id`) REFERENCES `employe` (`id`)
) ENGINE=InnoDB AUTO_INCREMENT=8 DEFAULT CHARSET=latin1;
/*!40101 SET character_set_client = @saved_cs_client */;

--
-- Dumping data for table `attendance`
--

LOCK TABLES `attendance` WRITE;
/*!40000 ALTER TABLE `attendance` DISABLE KEYS */;
INSERT INTO `attendance` VALUES (6,'Virania','Sales','2018-03-01 00:00:00','2018-03-08 00:00:00','Liburan','Di Setujui',21,21,204,'2018-03-10 06:46:06');
/*!40000 ALTER TABLE `attendance` ENABLE KEYS */;
UNLOCK TABLES;

--
-- Table structure for table `blog`
--

DROP TABLE IF EXISTS `blog`;
/*!40101 SET @saved_cs_client     = @@character_set_client */;
/*!40101 SET character_set_client = utf8 */;
CREATE TABLE `blog` (
  `id` int(11) NOT NULL AUTO_INCREMENT,
  `date` datetime DEFAULT NULL,
  `slug` varchar(200) DEFAULT NULL,
  `title` varchar(200) DEFAULT NULL,
  `body` text,
  `image` varchar(300) DEFAULT NULL,
  PRIMARY KEY (`id`)
) ENGINE=InnoDB AUTO_INCREMENT=2 DEFAULT CHARSET=latin1;
/*!40101 SET character_set_client = @saved_cs_client */;

--
-- Dumping data for table `blog`
--

LOCK TABLES `blog` WRITE;
/*!40000 ALTER TABLE `blog` DISABLE KEYS */;
INSERT INTO `blog` VALUES (1,'2018-02-01 08:09:41','mengelola-pegawai-itu-sulit','Mengelola Pegawai Itu Sulit','<p>Mengelola pegawai itu sulit !!. Begitulah keluh para pengusaha yang saya kenal. Ya,saya pun sebagai seorang founder merasakan hal tersebut. Banyak hal yang harus kita pikirkan saat memiliki pegawai,mulai dari gaji yang tepat,bagaimana performa pegawai kita,bagaimana kontribusi pegawai untuk perusahaan,dan banyak hal lain.</p><p>Seiring waktu berjalan,klien kami makin sulit untuk mengetahui pegawai mana yang benar benar berkontribusi nyata bagi perusahaan dan mana yang memiliki performa yang kurang baik. Dan sebagai perusahaan yang bergerak di bidang software house,kami mulai&nbsp;membuat software HRD untuk klien kami. Kami membuat software HRD dengan cara pemakaian sesederhana mungkin untuk klien kami pakai. Yang paling penting,mereka bisa melihat performa pegawai dengan jelas.</p><p>Setelah berjalan selama beberapa saat,kami mulai bisa melihat bagaimana review tiap pegawai. Bagaimana sikap mereka, bagaimana penjualan mereka, apa yang telah mereka sukses kerjakan, apa kesalahan yang telah mereka lakukan,dan banyak hal lainnya. Sehingga klien kami bisa memberikan bonus dan kenaikan gaji bagi pegawai yang tepat dan berhak menerimanya. Karena kami yakin,happy employees make a happy company.&nbsp;</p><p>Beberapa klien kami yang lain&nbsp; pun mencoba untuk memakai Software HRD yang telah kami buat,dan mendapat kesan positif. Hal tersebut membuat saya berfikir untuk menjadikan Software HRD ini menjadi produk yang dapat di pakai banyak perusahaan. Setelah melakukan pengembangan selama beberapa saat, lahirlah <a href=\"http://easyhrd.com\">EASYHRD</a>.&nbsp;Software HRD yang sangat sederhana namun memiliki fungsi yang sangat berguna bagi perusahaan. Dan sekarang<a href=\"http://easyhrd.com\"> EASYHRD</a>&nbsp;telah tersedia bagi seluruh perusahaan di Indonesia. Saya harap dapat membantu mengembangkan perusahaan anda dengan lebih baik lagi.&nbsp;</p><p>&nbsp;</p><p>I Putu Nata Adhikusuma</p><p>Founder <a href=\"http://easyhrd.com\">EASYHRD</a></p><p>&nbsp;&nbsp;</p><p>&nbsp;</p>','mengelola_bisnis.png');
/*!40000 ALTER TABLE `blog` ENABLE KEYS */;
UNLOCK TABLES;

--
-- Table structure for table `confirm`
--

DROP TABLE IF EXISTS `confirm`;
/*!40101 SET @saved_cs_client     = @@character_set_client */;
/*!40101 SET character_set_client = utf8 */;
CREATE TABLE `confirm` (
  `id` int(11) NOT NULL AUTO_INCREMENT,
  `username` varchar(200) DEFAULT NULL,
  `email` varchar(200) DEFAULT NULL,
  `from_bank` varchar(200) DEFAULT NULL,
  `to_bank` varchar(200) DEFAULT NULL,
  `bank_account` varchar(200) DEFAULT NULL,
  `date` datetime DEFAULT NULL,
  `status` varchar(200) DEFAULT NULL,
  PRIMARY KEY (`id`)
) ENGINE=InnoDB DEFAULT CHARSET=latin1;
/*!40101 SET character_set_client = @saved_cs_client */;

--
-- Dumping data for table `confirm`
--

LOCK TABLES `confirm` WRITE;
/*!40000 ALTER TABLE `confirm` DISABLE KEYS */;
/*!40000 ALTER TABLE `confirm` ENABLE KEYS */;
UNLOCK TABLES;

--
-- Table structure for table `employe`
--

DROP TABLE IF EXISTS `employe`;
/*!40101 SET @saved_cs_client     = @@character_set_client */;
/*!40101 SET character_set_client = utf8 */;
CREATE TABLE `employe` (
  `id` int(11) NOT NULL AUTO_INCREMENT,
  `name` varchar(100) DEFAULT NULL,
  `email` varchar(100) DEFAULT NULL,
  `phone` varchar(100) DEFAULT NULL,
  `departement` varchar(100) DEFAULT NULL,
  `salary` varchar(100) DEFAULT NULL,
  `added` datetime DEFAULT NULL,
  `birth` datetime DEFAULT NULL,
  `address` varchar(100) DEFAULT NULL,
  `gender` varchar(100) DEFAULT NULL,
  `status` varchar(100) DEFAULT NULL,
  `religion` varchar(100) DEFAULT NULL,
  `owner_id` int(11) DEFAULT NULL,
  `image_name` varchar(200) DEFAULT NULL,
  `notes` text,
  `bank` varchar(200) DEFAULT NULL,
  `bank_account` varchar(200) DEFAULT NULL,
  `bpjs_kesehatan` varchar(200) DEFAULT NULL,
  `bpjs_ketenagakerjaan` varchar(200) DEFAULT NULL,
  `cabang` varchar(200) DEFAULT NULL,
  `education` varchar(200) DEFAULT NULL,
  `institut` varchar(200) DEFAULT NULL,
  `jurusan` varchar(200) DEFAULT NULL,
  `ktp` varchar(200) DEFAULT NULL,
  `nik` varchar(200) DEFAULT NULL,
  `no_rek` varchar(200) DEFAULT NULL,
  `npwp` varchar(200) DEFAULT NULL,
  PRIMARY KEY (`id`),
  KEY `owner_id` (`owner_id`),
  CONSTRAINT `employe_ibfk_1` FOREIGN KEY (`owner_id`) REFERENCES `user` (`id`)
) ENGINE=InnoDB AUTO_INCREMENT=207 DEFAULT CHARSET=latin1;
/*!40101 SET character_set_client = @saved_cs_client */;

--
-- Dumping data for table `employe`
--

LOCK TABLES `employe` WRITE;
/*!40000 ALTER TABLE `employe` DISABLE KEYS */;
INSERT INTO `employe` VALUES (4,'Reza Gunara','rezagunara@gmail.com','082316900095','HRD dan Umum','','2017-06-19 00:00:00','1977-01-15 00:00:00','JL. Ergulo No. 235/121','Laki Laki','Belum Menikah','ISLAM',4,'avatar.png','<ol><li>Perjanjian Kerja :&nbsp;105.I/MSR-HRD/SPKWT/VI/2017 Berlaku 19 Juni 2017 s.d 18 Juni 2018</li><li>Inventaris : Laptop Compaq 510 / Compaq Adaptor&nbsp;</li></ol>','BRI','Reza Gunara','Individual','Blm Terdaftar','Bandung','S1','STHB','Ilmu Hukum','3273121501770004','','035401015913532','Blm Ada'),(5,'Rafif Surya R','raf.surya@gmail.com','082240719108','HRD dan Umum','','2017-03-16 00:00:00','1998-01-04 00:00:00','JL. Ciwaregu NO. 42 Kota Bandung','Laki Laki','Belum Menikah','ISLAM',4,'avatar.png','<ol><li>Perjanjian Kerja :&nbsp;103.I/MSR-HRD/SPKWT/III/2017 berlaku 16 Maret 2017 s/d 15 Maret 2018</li><li>Inventaris : Milik Pribadi</li></ol>','BNI','Rafif Surya R','Individual','Blm Terdaftar','Bandung','SMK','PU','IT','3273140401980006','K.017.02.102 ','4011998007','Blm Ada'),(6,'Silvia Widia Astuti','silviawidia84@gmail.com','087822007617','HRD dan Umum','','2014-12-01 00:00:00','1984-07-03 00:00:00','Karees Kulon Kota Bandung','Perempuan','Belum Menikah','KRISTEN',4,'avatar.png','<ol><li>Perjanjian Kerja : 116.I/MSR-HRD/SPKWT/XII/2017 berlaku 2 Desember 2016&nbsp;s.d 3 Desember 2017</li><li>Inventaris :&nbsp;Laptop Asus E 2025 / Adaptor Asus&nbsp;</li></ol>','','','0002181470771','14044671221 ','Bandung','D3','STIE IBBI Medan','Akuntansi Perkantoran','10.5011.430784.5001','K.014.12.401','','Blm Ada'),(7,'Mohamad Taufan','m.taufan@mahasera.com','082118602555','Trading dan Service','','2017-02-01 00:00:00','1979-12-23 00:00:00','JL. Vijaya Kusumah I NO. 615, Kota Bandung','Laki Laki','Menikah','ISLAM',4,'avatar.png','','','','Individual','Blm Terdaftar','Bandung','S1','','Teknik','32.7326.231279.0009','K.017.02.101 ','','Blm Ada'),(8,'Yanti Afriani','yanti.afriani@mahasera.com','081321797535','Trading dan Service','','2010-01-01 00:00:00','1985-04-08 00:00:00','JL Kuningan V NO 30, Kota Bandung','Perempuan','Belum Menikah','HINDU',4,'avatar.png','<ol><li>Perjanjian Kerja : Pekerja Tetap</li><li>Inventaris :&nbsp;Laptop Asus X 200 m / Mouse&nbsp;Logitech X 200m</li></ol>','','','0001780453056','7002777345','Bandung','S1','','Agama','850413054903','10.01.035','','Blm Ada'),(9,'I Gede Mastal S','gede.mastal@mahasera.com','081322633358','Trading dan Service','','2015-12-01 00:00:00','1976-04-24 00:00:00','JL. Sukaasih Atas VI NO. 349, Kota Bandung','Laki Laki','Menikah','HINDU',4,'avatar.png','<ol><li>Perjanjian Kerja : 109.I/MSR-HRD/SPKWT/XI/2017 berlaku 29 November 2017 s.d 30 November 2018</li><li>Inventaris :&nbsp;Laptop Samsung E 2025 / Adaptor</li></ol>','','','Ikut Istri ( PNS )','Blm Terdaftar','Bandung','S1','ST Inten','Teknik Sipil','32.7330.240476.0004','K.015.12.084','','Blm Ada'),(10,'Cynthia Herliani','cynthiabece@gmail.com','08157104160','Trading dan Service','','2017-02-01 00:00:00','1993-06-01 00:00:00','JL Baladewa GG IV NO. 47, Kota Bandung','Perempuan','Belum Menikah','KRISTEN',4,'avatar.png','<ol><li>Perjanjian Kerja : 107.I/MSR-HRD/SPKWT/II/2018 berlaku 27 Febuari 2018 s.d 28 Febuari 2019</li><li>Inventaris : Milik Pribadi</li></ol>','','','0002181022942','Blm Terdaftar','Bandung','D3','UNPAR','Ekonomi','2.7306.410693.0009','K.017.02.099','','Blm Ada'),(11,'Gede Pasek Sucaba','gede.pasek@mahasera.com','081322726867','Keuangan dan Umum','','2010-01-01 00:00:00','1975-12-20 00:00:00','JL.  Sukarasa No 124, Kota Bandung','Laki Laki','Menikah','HINDU',4,'avatar.png','<ol><li>Perjanjian Kerja : Pekerja Tetap</li><li>Inventaris :&nbsp;Laptop Asus / Adaptor</li></ol>','','','0001812501865','11033349728','Bandung','S1','','Akuntansi','Sedang Proses','10.01.036','','Blm Ada'),(12,'Mirna Suryadi','mirna.suryadi93@mahasera.com','082240714773','Keuangan dan Umum','','2014-01-01 00:00:00','1993-08-06 00:00:00','JL. Pasir Impun Barat NO. 78, Kota Bandung','Perempuan','Belum Menikah','ISLAM',4,'avatar.png','<ol><li>Perjanjian Kerja : 112.I/MSR-HRD/SPKWT/I/2018 berlaku 2&nbsp;Januari 2018 s.d 1 Januari 2019</li><li>Inventaris :&nbsp;Laptop Asus 732 / Adaptor Asus</li></ol>','','',' Individual','14007138515','Bandung','D3','POLTEK LP3I','Akuntansi','32.7330.460893.0001','K.014.01.039','','Blm Ada'),(13,'Sri Lestari ','sri.lestari@mahasera.com','081312623065','Keuangan dan Umum','','2015-01-01 00:00:00','1993-11-14 00:00:00','JL. Pamekar Barat II NO. 21, Kota Bandung','Perempuan','Menikah','ISLAM',4,'avatar.png','<ol><li>Perjanjian Kerja : 117.I/MSR-HRD/SPKWT/I/2018 berlaku 19&nbsp;Januari 2018 s.d 20&nbsp;Januari 2019</li><li>Inventaris :&nbsp;Laptop Asus X455L / Adaptor Asus</li></ol>','','','0001780453089','16010459614','Bandung','S1','Universitas Widyatama','Akuntansi','32.73414.541093.0003','K.015.01.005','','Blm Ada'),(14,'Ngakan Made Kutha','made.wirantara@mahasera.com','081809096311','Keuangan dan Umum','','2017-02-01 00:00:00','1989-10-10 00:00:00','JL. Pratista Timur III NO. 9, Kota Bandung','Laki Laki','Belum Menikah','HINDU',4,'avatar.png','<ol><li>Perjanjian Kerja : 115.I/MSR-HRD/SPKWT/II/2018 berlaku 27 Febuari 2018 s.d 28 Febuari 2019</li><li>Inventaris :&nbsp;Laptop AsusA456U / Adaptor Asus A456U</li></ol>','','','0002181022931','Blm Terdaftar','Bandung','S1','STIE Sangga Buana YPKP','Akuntansi','32.7320.101089.0002','K.017.02.100 ','','Blm Ada'),(15,'Niluh Putu Sri Astuti','utynduts@gmail.com','083116392907','Keuangan dan Umum','','2017-06-19 00:00:00','1991-12-15 00:00:00','JL Kakau No. VI, Kab Bandung','Perempuan','Belum Menikah','HINDU',4,'avatar.png','<ol><li>Perjanjian Kerja :&nbsp;104.I/MSR-HRD/SPKWT/VI/2017 Berlaku 19 Juni 2017 s.d 18 Juni 2018</li><li>Inventaris :&nbsp;Laptop Asus X455LADP / Adaptor Asus 45DWB</li></ol>','BRI','Niluh Putu Sri Astuti','Individual','Blm Terdaftar','Bandung','D1','LPKIA','Komputer Administrasi','32.0405.551291.0006','','035-401-072-308-508','Blm Ada'),(16,'Iis Rusdiyana','rusyad@mahasera.com','089532981118','Project','','2016-06-01 00:00:00','1966-10-13 00:00:00','JL. Permata c3 NO. 4, Kota Cimahi','Laki Laki','Menikah','ISLAM',4,'avatar.png','<ol><li>Perjanjian Kerja :&nbsp;111.I/MSR-HRD/SPKWT/X/2017 berlaku&nbsp;25 Oktober 2017 s.d 24 Oktober 2018</li></ol>','','',' Individual','Blm Terdaftar','Bandung','D3','STTTelkom','Teknik','32.7703.131066.0008','K.016.07.138','','57074761842100'),(17,'Bagus Afrianto,','admin2@mahasera.com','083821788387','Project','','2014-10-01 00:00:00','1985-12-31 00:00:00','JL Kebon Kopi No 149, Kota Bandung','Laki Laki','Menikah','ISLAM',4,'avatar.png','<ol><li>Perjanjian Kerja :&nbsp;119.I/MSR-HRD/SPKWT/X/2017 berlaku&nbsp;25 Oktober 2017 s.d 24 Oktober 2018</li></ol>','','','0001812506962','14044671213','Bandung','D3','','','3277013112850000','K.014.10.383','','Blm Ada'),(18,'Wigi Yuliana','admin2@mahasera.com','087821732289','Project','','2015-03-01 00:00:00','1983-07-27 00:00:00','andir kidul, Kota Bandung','Perempuan','Menikah','ISLAM',4,'avatar.png','<ol><li>Perjanjian Kerja :&nbsp;118.I/MSR-HRD/SPKWT/X/2017 berlaku&nbsp;25 Oktober 2017 s.d 24 Oktober 2018</li><li>Inventaris :&nbsp;Laptop Asus / Adaptor, HP Asus Zenfone</li></ol>','','','0001780453091','11006115643','Bandung','D1','STTTextile','Kimia','32.7329.670783.0004','K.015.03.019','','Blm Ada'),(19,'Ni Ketut Yayuk Wirahyoni','admin3@mahasera.com','087824731974','Project','','2016-07-01 00:00:00','1976-05-14 00:00:00','JL P.Biak NO.6, Kota Denpasar','Perempuan','Menikah','HINDU',4,'avatar.png','<ol><li>Perjanjian Kerja :&nbsp;114.I/MSR-HRD/SPKWT/X/2017 berlaku 25 Oktober 2017 s.d 24 Oktober 2018</li></ol>','','',' Ikut Suami','9005586145','Bandung','D3','Poltek State of Bali','Pariwisata','51.7103.540576.0008','K.016.07.131','',''),(20,'Mutia Rahma Prawidia ','admin1@mahasera.com','085267007131','Project','','2017-02-01 00:00:00','1993-09-12 00:00:00','JL. Pasir Honje NO. 10, Kota Bandung','Perempuan','Belum Menikah','ISLAM',4,'avatar.png','<ol><li>Perjanjian Kerja :&nbsp;113.I/MSR-HRD/SPKWT/X/017 Berlaku 24 Oktober&nbsp;2017 s.d 25 Oktober&nbsp;2018</li><li>Inventaris :&nbsp;Laptop Axio / Adaptor, HP Asus Zenfone</li></ol><p>&nbsp;</p>','','',' Individual','Blm Terdaftar','Bandung','S1','UNSRI','Teknik Elektro','16.7104.520993.0015','K.017.02.097 ','',''),(21,'Margahayu Dwi P','margahayu.dp@gmail.com','087853998083','Project','','2017-09-01 00:00:00','1984-07-14 00:00:00','Balong Sari Blok 5-F/12, Kota Surabaya','Perempuan','Menikah','ISLAM',4,'avatar.png','<p>1.&nbsp;&nbsp; &nbsp;Perjanjian Kerja : 106.I/MSR-HRD/SPKWT/VIII/2017 berlaku&nbsp;1 September 2017 s/d 31 Agustus 2018<br />2.&nbsp; &nbsp;&nbsp;Inventaris : Milik Pribadi<br />&nbsp;</p>','','','APBN','17030685592','Surabaya','D3','Poltek ITS','Teknik Elektro','35.7814.540784.0003','K.017.10','','Blm Ada'),(22,'Kadek Virania','viraniadewinta@gmail.com','','Trading dan Service','','2017-02-01 00:00:00','1993-09-14 00:00:00','JL.P.Obi GG Kelapa Sawit NO. 7, Kab Buleleng','Perempuan','Belum Menikah','HINDU',4,'avatar.png','','','','Daftar di Bali','Blm Terdaftar','Bali','S1','STIE Satya Darma Singaraja','Ekonomi','5108065409930001','K.017.02.089','','Blm Ada'),(23,'nata','natagon@nata.com','081237311255','Sales','Rp 2.000.000','2018-01-03 00:00:00','2005-01-12 00:00:00','Bali','Laki Laki','Menikah','Hindu',5,'avatar.png','<p>Info tambahan :</p><ol><li>&nbsp;No ktp : 010182292929292</li><li>&nbsp;anak : 2 orang</li></ol>',NULL,NULL,NULL,NULL,NULL,NULL,NULL,NULL,NULL,NULL,NULL,NULL),(24,'Abdillah Fauzi','fauziabdillah169@gmail.com','087703223006','FOP',' 3,045,000 ','2017-02-01 00:00:00','1976-09-30 00:00:00','Dsn. Kejambon Kec. Jombang Jombang','Laki Laki','Menikah','ISLAM',4,'avatar.png','<ol><li>Perjanjian Kerja :&nbsp;081/HR.07-MSR/II/2017</li><li>No KTP :&nbsp;3521033009760001</li><li>Inventaris :&nbsp;</li><li>Kartu BPJS Kesehatan :&nbsp;0001848314643</li><li>Kartu BPJS Ketenagakerjaan :&nbsp;17019142581</li></ol>',NULL,NULL,NULL,NULL,NULL,NULL,NULL,NULL,NULL,NULL,NULL,NULL),(25,'Abdul Rojak','rozack.ojack@gmail.com','6287877802616','FME CME KEPANJEN',' 3,045,000 ','2016-07-01 00:00:00','1991-07-17 00:00:00','Jl. Pesantren RT/RW 04/05 Desa Karangkates Kec.Sumber Pucung Kab. Malang','Laki Laki','Menikah','ISLAM',4,'avatar.png','<ol><li>Perjanjian Kerja :&nbsp;0372/HR.07-MSR/VII/2016</li><li>No KTP :&nbsp;3507121707910003</li><li>Inventaris :&nbsp;</li><li>Kartu BPJS Kesehatan : Individual</li><li>Kartu BPJS Ketenagakerjaan :&nbsp;17030685287</li></ol>',NULL,NULL,NULL,NULL,NULL,NULL,NULL,NULL,NULL,NULL,NULL,NULL),(26,'Abdul Muklis','muchlis@homemail.com','6287770035770','CM FO Mobil','3,100,000','2017-02-01 00:00:00','1979-01-25 00:00:00','Jl. Jend. Sudirman Lebak Kantin No.12 RT/RW 01/05 Bogor','Laki Laki','Menikah','ISLAM',4,'avatar.png','<ol><li>Perjanjian Kerja :&nbsp;020/HR.07-MSR/II/2017</li><li>No KTP : 3201130511660000&nbsp;</li><li>Inventaris :&nbsp;</li><li>Kartu BPJS Kesehatan :&nbsp;0001626368411</li><li>Kartu BPJS Ketenagakerjaan :&nbsp;17019142821</li></ol>',NULL,NULL,NULL,NULL,NULL,NULL,NULL,NULL,NULL,NULL,NULL,NULL),(27,'Agus Achmad Hidayat','','','','','2017-01-01 00:00:00','1972-08-16 00:00:00','Jl. Mekarsari No 14 RT 01/08 Pacuan Kuda Arcamanik  Bandung','Laki Laki','Menikah','ISLAM',4,'avatar.png','<ol><li>Perjanjian Kerja : K.001/HR.07/MSR/I/2017&nbsp;</li><li>No KTP :&nbsp;</li><li>Inventaris :&nbsp;</li><li>Kartu BPJS Kesehatan :&nbsp;</li><li>Kartu BPJS Ketenagakerjaan :&nbsp;</li></ol>',NULL,NULL,NULL,NULL,NULL,NULL,NULL,NULL,NULL,NULL,NULL,NULL),(28,'nata','natagon@nata.com','081237311255','Sales','Rp. 2.000.000','2018-02-01 00:00:00','1993-02-01 00:00:00','Denpasar','Laki Laki','Menikah','Hindu',10,'avatar.png','<p>Pegawai PT Maju Indonesia yang baru bergabung</p>',NULL,NULL,NULL,NULL,NULL,NULL,NULL,NULL,NULL,NULL,NULL,NULL),(29,'Nata','nata@gmail.com','081237311222','Sales','Rp 2.500.000','2017-03-09 00:00:00','1993-04-02 00:00:00','Denpasar','Laki Laki','Menikah','Hindu',12,'avatar.png','<p>Pegawai yang memilki keterampilan di bidang penjualan serta presentasi.</p>',NULL,NULL,NULL,NULL,NULL,NULL,NULL,NULL,NULL,NULL,NULL,NULL),(30,'Merliyanto','','08978498542','FO','','2017-01-01 00:00:00','1992-02-20 00:00:00','Ds. Kaligandu RT/RW 02/04 Desa Sampiran Kec. Talun ','Laki Laki','Menikah','ISLAM',4,'avatar.png','<ol><li>Perjanjian Kerja :&nbsp;001/HR.07-MSR/XII/2016</li><li>No KTP :&nbsp;3209142002920007</li><li>Inventaris :&nbsp;</li><li>Kartu BPJS Kesehatan :&nbsp;0001780524393</li><li>Kartu BPJS Ketenagakerjaan :&nbsp;17030685451</li></ol>',NULL,NULL,NULL,NULL,NULL,NULL,NULL,NULL,NULL,NULL,NULL,NULL),(31,'Nur Hidayatullah Putra Wijaya','','089638069675','FO','','2016-12-01 00:00:00','1990-05-08 00:00:00','Blok Wanagiri, Ds. Klangenan, Cirebon','Laki Laki','Menikah','ISLAM',4,'avatar.png','<ol><li>Perjanjian Kerja :&nbsp;002/HR.07-MSR/I/2017</li><li>No KTP :&nbsp;3209230805900001</li><li>Inventaris :&nbsp;</li><li>Kartu BPJS Kesehatan :&nbsp;0001780524404</li><li>Kartu BPJS Ketenagakerjaan :&nbsp;17030685584</li></ol>',NULL,NULL,NULL,NULL,NULL,NULL,NULL,NULL,NULL,NULL,NULL,NULL),(32,'Iman Nurjaman','','\"0813 2220 5887 /  0896 4144 6121\"','','','2017-01-01 00:00:00','1983-12-09 00:00:00','\"Komp Kinagara Blok J No.27 RT 007/RW 012 Kel Lengkong  Kec Bojongsoang Bandung, Jabar\"','Laki Laki','Menikah','ISLAM',4,'avatar.png','<ol><li>Perjanjian Kerja :&nbsp;K.002/HR.07/MSR/I/2017</li><li>No KTP :&nbsp;</li><li>Inventaris :&nbsp;</li><li>Kartu BPJS Kesehatan : Tidak terdaftar di DUKCAPIL</li><li>Kartu BPJS Ketenagakerjaan :&nbsp;17019142565</li></ol>',NULL,NULL,NULL,NULL,NULL,NULL,NULL,NULL,NULL,NULL,NULL,NULL),(33,'Rizki Aditia Sumardji','','082125656532','PMO','','2017-01-01 00:00:00','1980-04-29 00:00:00','Jl. Panumbang Jaya No.31A RT/RW 01/04 KB-7 Cimbuleuit 40142 Bandung, Jawa Barat','Laki Laki','Menikah','ISLAM',4,'avatar.png','<ol><li>Perjanjian Kerja :&nbsp;003/HR.07-MSR/I/2017</li><li>No KTP :&nbsp;3273082904800006</li><li>Inventaris : Notebook i3</li><li>Kartu BPJS Kesehatan :&nbsp;0001780524415</li><li>Kartu BPJS Ketenagakerjaan :&nbsp;17030685444</li></ol>',NULL,NULL,NULL,NULL,NULL,NULL,NULL,NULL,NULL,NULL,NULL,NULL),(34,'Rangga Utama','','0819 1033 4410','','','2017-01-01 00:00:00','1984-06-09 00:00:00','Jl. Turangga Barat III No.7 RT 008/RW08 Lengkong Bandung Jawa Barat','Laki Laki','Menikah','ISLAM',4,'avatar.png','<ol><li>Perjanjian Kerja :&nbsp;K.003/HR.07/MSR/I/2017</li><li>No KTP :&nbsp;3273130908840004</li><li>Inventaris :</li><li>Kartu BPJS Kesehatan : Ikut Istri</li><li>Kartu BPJS Ketenagakerjaan : 17019143167</li></ol><p>&nbsp;</p>',NULL,NULL,NULL,NULL,NULL,NULL,NULL,NULL,NULL,NULL,NULL,NULL),(35,'Sri Hartanto','srihartanto81@gmail.com','08151888912','Indonesia XL MS Project','','2017-02-01 00:00:00','1981-03-05 00:00:00','KP PD Aren RT 010 RW 001 Kel. Pondok Betung Kec. Pondok Aren Tangerang Selatan, Banten','Laki Laki','Menikah','ISLAM',4,'avatar.png','<ol><li>Perjanjian Kerja :&nbsp;004/HR.07-MSR/I/2017</li><li>No KTP :&nbsp;3674030503810008</li><li>Inventaris :Notebook i3</li><li>Kartu BPJS Kesehatan :&nbsp;0001370581367</li><li>Kartu BPJS Ketenagakerjaan :17030685360</li></ol><p>&nbsp;</p>',NULL,NULL,NULL,NULL,NULL,NULL,NULL,NULL,NULL,NULL,NULL,NULL),(36,'Taufik Hidayat','','','','','2017-01-04 00:00:00','1992-11-02 00:00:00','Jl. Siliwangi No.86/155B RT 01/RW 01 Bandung, Jawa Barat','Laki Laki','Menikah','ISLAM',4,'avatar.png','<ol><li>Perjanjian Kerja :&nbsp;K.005/HR.07/MSR/I/2017</li><li>No KTP :&nbsp;32730202119200001</li><li>Inventaris :</li><li>Kartu BPJS Kesehatan :&nbsp;Terdaftar di Express Mulia Perdana</li><li>Kartu BPJS Ketenagakerjaan :17030685469</li></ol><p>&nbsp;</p>',NULL,NULL,NULL,NULL,NULL,NULL,NULL,NULL,NULL,NULL,NULL,NULL),(37,'Asep Ady Cita','','0819 0151 2291','','','2017-01-01 00:00:00','1991-09-15 00:00:00','','Laki Laki','Menikah','ISLAM',4,'avatar.png','<ol><li>Perjanjian Kerja :&nbsp;K.006/HR.07/MSR/I/2017</li><li>No KTP :&nbsp;3505221509910000</li><li>Inventaris :</li><li>Kartu BPJS Kesehatan :&nbsp;0001155401109</li><li>Kartu BPJS Ketenagakerjaan :17030685246</li></ol><p>&nbsp;</p>',NULL,NULL,NULL,NULL,NULL,NULL,NULL,NULL,NULL,NULL,NULL,NULL),(38,'Aulia Intan Nur Shobah','auliai.shobah@huawei.com','082210196488','Indonesia XL FOC DKI Jakarta','','2017-01-01 00:00:00','1994-05-02 00:00:00','Persada Raya Jl.Aceh Blok C10 No.19 RT/RW 04/07 Tengerang','Laki Laki','Menikah','ISLAM',4,'avatar.png','<ol><li>Perjanjian Kerja :&nbsp;006/HR.07-MSR/I/2017</li><li>No KTP :&nbsp;3671084205940001</li><li>Inventaris : Notebook i3</li><li>Kartu BPJS Kesehatan : APBN</li><li>Kartu BPJS Ketenagakerjaan :&nbsp;17019142474</li></ol><p>&nbsp;</p>',NULL,NULL,NULL,NULL,NULL,NULL,NULL,NULL,NULL,NULL,NULL,NULL),(39,'Lisa Aprilia Handayani','','0896 8868 0668','','','2017-01-01 00:00:00','1996-04-21 00:00:00','Kuripan RT 002/RW 007 Kecamatan Karangngawen Kabupaten Demak, Jawa Tengah','Laki Laki','Belum Menikah','ISLAM',4,'avatar.png','<ol><li>Perjanjian Kerja :&nbsp;K.008/HR.07/MSR/I/2017</li><li>No KTP :&nbsp;3321026104960001</li><li>Inventaris :</li><li>Kartu BPJS Kesehatan :&nbsp;0001780453124</li><li>Kartu BPJS Ketenagakerjaan : 17019142961</li></ol><p>&nbsp;</p>',NULL,NULL,NULL,NULL,NULL,NULL,NULL,NULL,NULL,NULL,NULL,NULL),(40,'Ahmad Kamarudin Nasution','','\"0819 9699 4222/  0896 6138 3000\"','','','2017-01-01 00:00:00','1982-03-12 00:00:00','','Laki Laki','Menikah','ISLAM',4,'avatar.png','<ol><li>Perjanjian Kerja :&nbsp;K.009/HR.07/MSR/I/2017</li><li>No KTP :&nbsp;1803101203820010</li><li>Inventaris :</li><li>Kartu BPJS Kesehatan : Individual</li><li>Kartu BPJS Ketenagakerjaan : 17030685519</li></ol><p>&nbsp;</p>',NULL,NULL,NULL,NULL,NULL,NULL,NULL,NULL,NULL,NULL,NULL,NULL),(41,'Hardi Venta Sihombing','hardi.venta.sihombing@huawei.com','085923033102','Indonesia XL FOC DKI Jakarta','','2017-01-01 00:00:00','1994-05-12 00:00:00','Jl. Tembakau 13 No.15 Kel. Mangga Kec. Medan Tuntungan Medan','Laki Laki','Belum Menikah','KRISTEN',4,'avatar.png','<ol><li>Perjanjian Kerja :&nbsp;009/HR.07-MSR/I/2017</li><li>No KTP :&nbsp;1271071205940004</li><li>Inventaris : Notebook i3</li><li>Kartu BPJS Kesehatan : Proses&nbsp;</li><li>Kartu BPJS Ketenagakerjaan :16016482867</li></ol><p>&nbsp;</p>',NULL,NULL,NULL,NULL,NULL,NULL,NULL,NULL,NULL,NULL,NULL,NULL),(42,'Wimbo Natalista, S.T','','','','','2017-01-01 00:00:00','1980-12-24 00:00:00','','Laki Laki','Menikah','KRISTEN',4,'avatar.png','<ol><li>Perjanjian Kerja :&nbsp;K.010/HR.07/MSR/I/2017</li><li>No KTP :&nbsp;3401062412800000</li><li>Inventaris :</li><li>Kartu BPJS Kesehatan :&nbsp;0001526233656</li><li>Kartu BPJS Ketenagakerjaan :17019142243</li></ol><p>&nbsp;</p>',NULL,NULL,NULL,NULL,NULL,NULL,NULL,NULL,NULL,NULL,NULL,NULL),(43,'Rama Adiansyah  ','rama.adiansyah1@huawei.com','087786754603','Indonesia XL FOC DKI Jakarta','','2017-01-01 00:00:00','1981-07-19 00:00:00','','Laki Laki','Menikah','ISLAM',4,'avatar.png','<ol><li>Perjanjian Kerja :&nbsp;011/HR.07-MSR/I/2017</li><li>No KTP :&nbsp;327202190781001</li><li>Inventaris :</li><li>Kartu BPJS Kesehatan : Proses</li><li>Kartu BPJS Ketenagakerjaan : Blm Terdaftar</li></ol><p>&nbsp;</p>',NULL,NULL,NULL,NULL,NULL,NULL,NULL,NULL,NULL,NULL,NULL,NULL),(44,'Muhammad Hilmi, S.Kom','','0838 3225 5889','','','2017-01-01 00:00:00','1979-08-04 00:00:00','','Laki Laki','Menikah','ISLAM',4,'avatar.png','<ol><li>Perjanjian Kerja :&nbsp;K.012/HR.07/MSR/I/2017</li><li>No KTP :&nbsp;3525140408790001</li><li>Inventaris :</li><li>Kartu BPJS Kesehatan : Individual</li><li>Kartu BPJS Ketenagakerjaan :8000340664</li></ol><p>&nbsp;</p>',NULL,NULL,NULL,NULL,NULL,NULL,NULL,NULL,NULL,NULL,NULL,NULL),(45,'Wahyu Prasetiyo','','0818 384 970','','','2017-01-01 00:00:00','1985-06-03 00:00:00','\"Jl.Sutoyo RT 002 / RW 003 Desa Beran, Kecamatan Ngawi,  Jawa Timur\"','Laki Laki','Menikah','ISLAM',4,'avatar.png','<ol><li>Perjanjian Kerja :&nbsp;K.013/HR.07/MSR/I/2017</li><li>No KTP :&nbsp;3521090306850000</li><li>Inventaris :</li><li>Kartu BPJS Kesehatan : Individual</li><li>Kartu BPJS Ketenagakerjaan :&nbsp;16030837997</li></ol><p>&nbsp;</p>',NULL,NULL,NULL,NULL,NULL,NULL,NULL,NULL,NULL,NULL,NULL,NULL),(46,'Dinar Wijaya','dinarwijaya112@gmail.com','087880933443','Indonesia XL FOC DKI Jakarta','','2017-02-01 00:00:00','1992-12-12 00:00:00','Jl. Raya Karangpawitan KP. Kertamanah RT/RW 01/04 Garut','Laki Laki','Menikah','ISLAM',4,'avatar.png','<ol><li>Perjanjian Kerja :&nbsp;014/HR.07-MSR/II/2017</li><li>No KTP :&nbsp;3205021212910005</li><li>Inventaris :</li><li>Kartu BPJS Kesehatan : APBN</li><li>Kartu BPJS Ketenagakerjaan :17019142656</li></ol><p>&nbsp;</p>',NULL,NULL,NULL,NULL,NULL,NULL,NULL,NULL,NULL,NULL,NULL,NULL),(47,'Masrur','','0818 331 866','','','2017-01-01 00:00:00','1982-06-20 00:00:00','Perum Kademangan Utama Residence Kav.27 Bondowoso, Jawa Timur','Laki Laki','Menikah','ISLAM',4,'avatar.png','<ol><li>Perjanjian Kerja :&nbsp;K.015/HR.07/MSR/I/2017</li><li>No KTP :&nbsp;3511052006820005</li><li>Inventaris :</li><li>Kartu BPJS Kesehatan :&nbsp;0002081523047</li><li>Kartu BPJS Ketenagakerjaan :17019142383</li></ol><p>&nbsp;</p>',NULL,NULL,NULL,NULL,NULL,NULL,NULL,NULL,NULL,NULL,NULL,NULL),(48,'Achmad Baihaqi ','','087786754681','Indonesia XL FOC DKI Jakarta','','2018-02-01 00:00:00','1994-03-18 00:00:00','Jl. Masjid Darusalam No. 19 F RT/RW 04/14 Kel. Kedaung Kec. Pamulang Tanggerang Selatan','Laki Laki','Belum Menikah','ISLAM',4,'avatar.png','<ol><li>Perjanjian Kerja :&nbsp;015/HR.07-MSR/II/2017</li><li>No KTP :&nbsp;3174071803941001</li><li>Inventaris :</li><li>Kartu BPJS Kesehatan :&nbsp;0001723291806</li><li>Kartu BPJS Ketenagakerjaan :17019142888</li></ol><p>&nbsp;</p>',NULL,NULL,NULL,NULL,NULL,NULL,NULL,NULL,NULL,NULL,NULL,NULL),(49,'Mohamad Samsul Arifin','','\"0852 3000 2336 /  0877 5765 5558\"','','','2017-01-01 00:00:00','1986-11-20 00:00:00','Jl. Bengawan Solo II/9A Lingkungan Tegal Boto Kidul  RT 003/RW 035 Sumbersari Jember, Jawa Timur','Laki Laki','Belum Menikah','ISLAM',4,'avatar.png','<ol><li>Perjanjian Kerja :&nbsp;K.016/HR.07/MSR/I/2017</li><li>No KTP :&nbsp;3509212011860002</li><li>Inventaris :</li><li>Kartu BPJS Kesehatan : Individual</li><li>Kartu BPJS Ketenagakerjaan : Belum Terdaftar</li></ol><p>&nbsp;</p>',NULL,NULL,NULL,NULL,NULL,NULL,NULL,NULL,NULL,NULL,NULL,NULL),(50,'Yogas Angga Suwandi, ST','','0878 2629 8765','','','2017-02-01 00:00:00','1983-04-16 00:00:00','Perum Marhamah Regency Blok H 10 RT 06/RW 12 Ds Mulyasari Kec Tamansari Tasikmalaya, Jawa Barat','Laki Laki','Menikah','ISLAM',4,'avatar.png','<ol><li>Perjanjian Kerja :&nbsp;K.018/HR.07/MSR/II/2017</li><li>No KTP :&nbsp;3278071604830007</li><li>Inventaris :</li><li>Kartu BPJS Kesehatan :&nbsp;Terdaftar di Bpjs Kesehatan ikut istri</li><li>Kartu BPJS Ketenagakerjaan : 15053341499</li></ol><p>&nbsp;</p>',NULL,NULL,NULL,NULL,NULL,NULL,NULL,NULL,NULL,NULL,NULL,NULL),(51,'Alip Aidi','alipaidi@yahoo.co.id','087780777469','Indonesia XL FOC DKI Jakarta','','2017-02-01 00:00:00','1987-08-23 00:00:00','Tanah Sari RT/RW 02/03 Kel. Tanah Sari Kab. Kebumen','Laki Laki','Menikah','ISLAM',4,'avatar.png','<ol><li>Perjanjian Kerja :&nbsp;018/HR.07-MSR/II/2017</li><li>No KTP :&nbsp;3305122308870001</li><li>Inventaris :</li><li>Kartu BPJS Kesehatan :&nbsp;0001780524426</li><li>Kartu BPJS Ketenagakerjaan :&nbsp;17019142854</li></ol><p>&nbsp;</p>',NULL,NULL,NULL,NULL,NULL,NULL,NULL,NULL,NULL,NULL,NULL,NULL),(52,'Haji Sutrisno','','0896 5576 4116 / 0822 1414 8144','','','2017-02-01 00:00:00','1990-09-24 00:00:00','Mekarsari, RT 04/RW 05 Desa Sidamulya, Kec Wanareja Kab Cilacap, Jawa Tengah ','Laki Laki','Belum Menikah','ISLAM',4,'avatar.png','<ol><li>Perjanjian Kerja :&nbsp;K.019/HR.07/MSR/II/2017</li><li>No KTP :&nbsp;3301152409900002</li><li>Inventaris :</li><li>Kartu BPJS Kesehatan : Individual</li><li>Kartu BPJS Ketenagakerjaan : 17019143290</li></ol><p>&nbsp;</p>',NULL,NULL,NULL,NULL,NULL,NULL,NULL,NULL,NULL,NULL,NULL,NULL),(53,'Erik Suhendra Manurung','eriksuhendra97@gmail.com','087886154689','Indonesia XL FOC DKI Jakarta','','2017-02-01 00:00:00','1997-04-02 00:00:00','Kebon Pedes RT/RW 05/04 Kel. Kebon Pedes Kec. Tanah Sareal Bogor','Laki Laki','Belum Menikah','KRISTEN',4,'avatar.png','<ol><li>Perjanjian Kerja :&nbsp;019/HR.07-MSR/II/2017</li><li>No KTP :&nbsp;1272070204970000</li><li>Inventaris :</li><li>Kartu BPJS Kesehatan :&nbsp;Terdaftar di TNI AD</li><li>Kartu BPJS Ketenagakerjaan :&nbsp;17019142482</li></ol><p>&nbsp;</p>',NULL,NULL,NULL,NULL,NULL,NULL,NULL,NULL,NULL,NULL,NULL,NULL),(54,'I Gede Hendra Lesmana','','0817 4778 558','','','2017-02-01 00:00:00','1977-12-31 00:00:00','Jl. Gunung Patuha No. 143 Denpasar, Bali ','Laki Laki','Menikah','HINDU',4,'avatar.png','<ol><li>Perjanjian Kerja :&nbsp;K.020/HR.07/MSR/II/2017</li><li>No KTP :&nbsp;5171013112770018</li><li>Inventaris :</li><li>Kartu BPJS Kesehatan :&nbsp;Terdaftar di BPD bali</li><li>Kartu BPJS Ketenagakerjaan :14022583919</li></ol><p>&nbsp;</p>',NULL,NULL,NULL,NULL,NULL,NULL,NULL,NULL,NULL,NULL,NULL,NULL),(55,'Abdul Muklis','','6287770035770','Indonesia XL FOC Jabodetabek-2','','2017-02-01 00:00:00','1979-01-25 00:00:00','Jl. Jend. Sudirman Lebak Kantin No.12 RT/RW 01/05 Bogor','Laki Laki','Menikah','ISLAM',4,'avatar.png','<ol><li>Perjanjian Kerja :&nbsp;020/HR.07-MSR/II/2017</li><li>No KTP :&nbsp;3271032501790007</li><li>Inventaris :</li><li>Kartu BPJS Kesehatan :&nbsp;0001626368411</li><li>Kartu BPJS Ketenagakerjaan : 17019142821</li></ol><p>&nbsp;</p>',NULL,NULL,NULL,NULL,NULL,NULL,NULL,NULL,NULL,NULL,NULL,NULL),(56,'Didik Suliastianto','','\"0812 3431 0247 /  0815 1523 2807\"','','','2017-02-01 00:00:00','1980-06-16 00:00:00','Jl.Kartini IA/6 Jember Jawa Timur   ','Laki Laki','Menikah','ISLAM',4,'avatar.png','<ol><li>Perjanjian Kerja :&nbsp;K.021/HR.07/MSR/II/2017</li><li>No KTP :&nbsp;3509201606800003</li><li>Inventaris :</li><li>Kartu BPJS Kesehatan :&nbsp;0001375284475</li><li>Kartu BPJS Ketenagakerjaan :15055705899</li></ol><p>&nbsp;</p>',NULL,NULL,NULL,NULL,NULL,NULL,NULL,NULL,NULL,NULL,NULL,NULL),(57,'Ali Gunawan','','087872222078','Indonesia XL FOC Jabodetabek-2','','2017-02-01 00:00:00','1981-09-11 00:00:00','Kp. Tonjang RT/RW 01/09 Kec. Tajurhalang Bogor','Laki Laki','Menikah','ISLAM',4,'avatar.png','<ol><li>Perjanjian Kerja :&nbsp;021/HR.07-MSR/II/2017</li><li>No KTP :&nbsp;3201371109810002</li><li>Inventaris :</li><li>Kartu BPJS Kesehatan : APBN</li><li>Kartu BPJS Ketenagakerjaan :&nbsp;17019142458</li></ol><p>&nbsp;</p>',NULL,NULL,NULL,NULL,NULL,NULL,NULL,NULL,NULL,NULL,NULL,NULL),(58,'Arif Mardiansah, S.ST','','0856 4601 3182','','','2017-02-01 00:00:00','1985-03-13 00:00:00','Jl. Kenongo No.3 RT 001 RW 009 Desa Bangunsari Kec. Ponorogo Jawa Timur','Laki Laki','Menikah','ISLAM',4,'avatar.png','<ol><li>Perjanjian Kerja :&nbsp;K.022/HR.07/MSR/II/2017</li><li>No KTP :&nbsp;3575031303850001</li><li>Inventaris :</li><li>Kartu BPJS Kesehatan :&nbsp;Terdaftar di siloam hospital</li><li>Kartu BPJS Ketenagakerjaan : 11002588314</li></ol><p>&nbsp;</p>',NULL,NULL,NULL,NULL,NULL,NULL,NULL,NULL,NULL,NULL,NULL,NULL),(59,'Ahmad Baijuri','ahmadbaijuri878@gmail.com','085930034465','Indonesia XL FOC Jabodetabek-2','','2017-02-01 00:00:00','1976-05-28 00:00:00','Kp. Kedungcinde RT/RW 12/03 Ds. Katulisan Kec. Cikeusal Serang','Laki Laki','Menikah','ISLAM',4,'avatar.png','<ol><li>Perjanjian Kerja :&nbsp;023/HR.07-MSR/II/2017</li><li>No KTP :&nbsp;3604232805760001</li><li>Inventaris :</li><li>Kartu BPJS Kesehatan : Individual</li><li>Kartu BPJS Ketenagakerjaan : 17019142649</li></ol><p>&nbsp;</p>',NULL,NULL,NULL,NULL,NULL,NULL,NULL,NULL,NULL,NULL,NULL,NULL),(60,'Andri Roma Yunianto','','0818253789','PMO','','2017-02-01 00:00:00','1983-06-14 00:00:00','Dusun Toroh RT/RW 01/03 Kec. Toroh, Grobogan','Laki Laki','Menikah','ISLAM',4,'avatar.png','<ol><li>Perjanjian Kerja :&nbsp;024/HR.07-MSR/II/2017</li><li>No KTP :&nbsp;3315131406830006</li><li>Inventaris :</li><li>Kartu BPJS Kesehatan :&nbsp;0001848313056</li><li>Kartu BPJS Ketenagakerjaan :&nbsp;17019143365</li></ol><p>&nbsp;</p>',NULL,NULL,NULL,NULL,NULL,NULL,NULL,NULL,NULL,NULL,NULL,NULL),(61,'Dyah Risma Wardani','','087739702532','PMO','','2017-02-01 00:00:00','1994-06-26 00:00:00','Sudimoro RT/RW 02/01 Kec. Teras Boyolali','Laki Laki','Belum Menikah','ISLAM',4,'avatar.png','<ol><li>Perjanjian Kerja :&nbsp;025/HR.07-MSR/II/2017</li><li>No KTP :&nbsp;3309076606940001</li><li>Inventaris :</li><li>Kartu BPJS Kesehatan :&nbsp;0001773180022</li><li>Kartu BPJS Ketenagakerjaan :17019142714</li></ol><p>&nbsp;</p>',NULL,NULL,NULL,NULL,NULL,NULL,NULL,NULL,NULL,NULL,NULL,NULL),(62,'Apriyanto','','0818634406','PMO','','2017-02-01 00:00:00','1993-04-17 00:00:00','Giwangan UH 7/105 RT/RW 11/04 Kec. Umbulharjo, Yogyakarta','Laki Laki','Menikah','ISLAM',4,'avatar.png','<ol><li>Perjanjian Kerja :&nbsp;026/HR.07-MSR/II/2017</li><li>No KTP :&nbsp;1806201704910008</li><li>Inventaris : Notebook i3</li><li>Kartu BPJS Kesehatan :&nbsp;0001774090337</li><li>Kartu BPJS Ketenagakerjaan :17019142912</li></ol><p>&nbsp;</p>',NULL,NULL,NULL,NULL,NULL,NULL,NULL,NULL,NULL,NULL,NULL,NULL),(63,'Heru Nugroho','','6281804555600','PMO','','2017-02-01 00:00:00','1983-05-04 00:00:00','Tanjung, RT/RW 01/04 Kec. Nguter Sukoharjo','Laki Laki','Menikah','ISLAM',4,'avatar.png','<ol><li>Perjanjian Kerja :&nbsp;027/HR.07-MSR/II/2017</li><li>No KTP :&nbsp;3311050405830002</li><li>Inventaris : Notebook i3</li><li>Kartu BPJS Kesehatan :&nbsp;0001610038945</li><li>Kartu BPJS Ketenagakerjaan :17019142342</li></ol><p>&nbsp;</p>',NULL,NULL,NULL,NULL,NULL,NULL,NULL,NULL,NULL,NULL,NULL,NULL),(64,'M. Wahyudin','','081932237795','PMO','','2017-02-01 00:00:00','1983-12-19 00:00:00','Jl. Raya Cikampek RT/RW 02/05 Kec. Ciampea, Bogor','Laki Laki','Menikah','ISLAM',4,'avatar.png','<ol><li>Perjanjian Kerja :&nbsp;028/HR.07-MSR/II/2017</li><li>No KTP :&nbsp;3201151912830001</li><li>Inventaris : Notebook i3</li><li>Kartu BPJS Kesehatan :&nbsp;0001781397281</li><li>Kartu BPJS Ketenagakerjaan :17019143423</li></ol><p>&nbsp;</p>',NULL,NULL,NULL,NULL,NULL,NULL,NULL,NULL,NULL,NULL,NULL,NULL),(65,'Suparlan','suparlanshany@gmail.com','081907882321','Indonesia XL FOC East','','2017-02-01 00:00:00','1983-02-27 00:00:00','Pringgarata Timur Ds. Pringgarata Kec. Pringgarata Kab. Lombok Tengah','Laki Laki','Menikah','ISLAM',4,'avatar.png','<ol><li>Perjanjian Kerja :&nbsp;029/HR.07-MSR/II/2017</li><li>No KTP :&nbsp;5202082702830001</li><li>Inventaris :Supporting Vehicle Service for Van (including Operational &amp; Maintenance) in East Java</li><li>Kartu BPJS Kesehatan :&nbsp;0001780453449</li><li>Kartu BPJS Ketenagakerjaan :17019143035</li></ol><p>&nbsp;</p>',NULL,NULL,NULL,NULL,NULL,NULL,NULL,NULL,NULL,NULL,NULL,NULL),(66,'Herwan','herwan.thorik@gmail.com','08175799321 / 081907984989 081907984989/08175799321','Indonesia XL FOC East','','2017-02-01 00:00:00','1982-04-19 00:00:00','Pringgarata Timur Ds. Pringgarata Kec. Pringgarata Kab. Lombok Tengah','Laki Laki','Menikah','ISLAM',4,'avatar.png','<ol><li>Perjanjian Kerja :&nbsp;030/HR.07-MSR/II/2017</li><li>No KTP :&nbsp;5202081904820002</li><li>Inventaris : Notebook i3,&nbsp;Supporting Vehicle Service for Van (including Operational &amp; Maintenance) in East Java</li><li>Kartu BPJS Kesehatan :&nbsp;0001963832804</li><li>Kartu BPJS Ketenagakerjaan :13038678069</li></ol><p>&nbsp;</p>',NULL,NULL,NULL,NULL,NULL,NULL,NULL,NULL,NULL,NULL,NULL,NULL),(67,'Wirham','','081916959417','Indonesia XL FOC East','','2017-02-01 00:00:00','1983-07-18 00:00:00','Jl. Gunung Batur No.2C Arong-arong Timur RT/RW 03/214 Kel. Dasan Agung Mataram','Laki Laki','Menikah','ISLAM',4,'avatar.png','<ol><li>Perjanjian Kerja :&nbsp;</li><li>No KTP :&nbsp;5271051807830007</li><li>Inventaris :</li><li>Kartu BPJS Kesehatan :&nbsp;0001780519364</li><li>Kartu BPJS Ketenagakerjaan :13038678499</li></ol><p>&nbsp;</p>',NULL,NULL,NULL,NULL,NULL,NULL,NULL,NULL,NULL,NULL,NULL,NULL),(68,'Bambang Hariadi','restu2468@gmail.com','087765203338','Indonesia XL FOC East','','2017-02-01 00:00:00','1975-12-12 00:00:00','Pringgarata Timur Ds. Pringgarata Kec. Pringgarata Kab. Lombok Tengah','Laki Laki','Menikah','ISLAM',4,'avatar.png','<ol><li>Perjanjian Kerja :&nbsp;032/HR.07-MSR/II/2017</li><li>No KTP :&nbsp;5202081212750011</li><li>Inventaris :</li><li>Kartu BPJS Kesehatan :&nbsp;0001780453451</li><li>Kartu BPJS Ketenagakerjaan :17019142896</li></ol>',NULL,NULL,NULL,NULL,NULL,NULL,NULL,NULL,NULL,NULL,NULL,NULL),(69,'Agus Setiawan ','setiawanagus666@gmail.com','087853355955 / 081917220027','Indonesia XL FOC East','','2017-02-01 00:00:00','1984-08-19 00:00:00','Jl. DR. Wahidin No. 28 Rembiga RT/RW 01/231 Kel. Rembiga Kec. Selaparang Mataram','Laki Laki','Menikah','ISLAM',4,'avatar.png','<ol><li>Perjanjian Kerja :&nbsp;033/HR.07-MSR/II/2017</li><li>No KTP :&nbsp;5271051908840001</li><li>Inventaris :</li><li>Kartu BPJS Kesehatan :&nbsp;0001898304401</li><li>Kartu BPJS Ketenagakerjaan :13038677772</li></ol>',NULL,NULL,NULL,NULL,NULL,NULL,NULL,NULL,NULL,NULL,NULL,NULL),(70,'Ida Komang Sari','komang_lombok_team@yahoo.com','081805717751 / 081917220026','Indonesia XL FOC East','','2017-02-01 00:00:00','1987-07-22 00:00:00','Jagaraga Barat RT 02 Desa Jagaraga Indah Kec. Kediri Kab. Lombok Barat NTB','Laki Laki','Menikah','HINDU',4,'avatar.png','<ol><li>Perjanjian Kerja :&nbsp;034/HR.07-MSR/II/2017</li><li>No KTP :&nbsp;5201022207870003</li><li>Inventaris :</li><li>Kartu BPJS Kesehatan :&nbsp;0001780524483</li><li>Kartu BPJS Ketenagakerjaan :13038678085</li></ol>',NULL,NULL,NULL,NULL,NULL,NULL,NULL,NULL,NULL,NULL,NULL,NULL),(71,'AZAM MUSTAAP','','081916122311','Indonesia XL FOC East','','2017-02-01 00:00:00','1982-05-31 00:00:00','Dsn. Kuripan RT 03 Desa Kuripan Kab. Lombok Barat NTB','Laki Laki','Menikah','ISLAM',4,'avatar.png','<ol><li>Perjanjian Kerja :&nbsp;035/HR.07-MSR/II/2017</li><li>No KTP :&nbsp;52011531058200002</li><li>Inventaris :</li><li>Kartu BPJS Kesehatan :&nbsp;0001780453416</li><li>Kartu BPJS Ketenagakerjaan :&nbsp;13038677830</li></ol>',NULL,NULL,NULL,NULL,NULL,NULL,NULL,NULL,NULL,NULL,NULL,NULL),(72,'Marzuki','marzuki.pths@gmail.com','087791134351','Indonesia XL FOC East','','2017-02-01 00:00:00','1987-03-12 00:00:00','Dusun Gedang Lauk RT 06 Desa Denggen Timur Kec. Selong Kab. Lombok Timur NTB','Laki Laki','Menikah','ISLAM',4,'avatar.png','<ol><li>Perjanjian Kerja :&nbsp;036/HR.07-MSR/II/2017</li><li>No KTP :&nbsp;5203071203870006</li><li>Inventaris :</li><li>Kartu BPJS Kesehatan :&nbsp;0001780524516</li><li>Kartu BPJS Ketenagakerjaan :&nbsp;13038678168</li></ol>',NULL,NULL,NULL,NULL,NULL,NULL,NULL,NULL,NULL,NULL,NULL,NULL),(73,'Syarif Mulyadi','','081803601683','','','2017-02-01 00:00:00','1987-01-21 00:00:00','Kampung Baru RT/RW 22/09 Desa Kelayu Utara Kec. Selong Kab. Lombok Timur ','Laki Laki','Menikah','ISLAM',4,'avatar.png','<ol><li>Perjanjian Kerja :&nbsp;037/HR.07-MSR/II/2017</li><li>No KTP :&nbsp;5203072101870002</li><li>Inventaris :</li><li>Kartu BPJS Kesehatan :&nbsp;0001780453462</li><li>Kartu BPJS Ketenagakerjaan :17019142284</li></ol>',NULL,NULL,NULL,NULL,NULL,NULL,NULL,NULL,NULL,NULL,NULL,NULL),(74,'Sophian Hadi Syarif','sophianhsp@gmail.com','081917256317','Indonesia XL FOC East','','2017-02-01 00:00:00','1977-06-16 00:00:00','','Laki Laki','Menikah','ISLAM',4,'avatar.png','<ol><li>Perjanjian Kerja :&nbsp;038/HR.07-MSR/II/2017</li><li>No KTP :&nbsp;5201031606770002</li><li>Inventaris :</li><li>Kartu BPJS Kesehatan :&nbsp;0001780453405</li><li>Kartu BPJS Ketenagakerjaan :13038678325</li></ol>',NULL,NULL,NULL,NULL,NULL,NULL,NULL,NULL,NULL,NULL,NULL,NULL),(75,'Khaerul Wadi','khaerulwadiw@gmail.com','081907536000 / 082339581676','Indonesia XL FOC East','','2017-02-01 00:00:00','1991-05-12 00:00:00','Tanak Tepong Selatan Ds. Peresak Kec. Narmada Kab. Lombok Barat NTB','Laki Laki','Menikah','ISLAM',4,'avatar.png','<ol><li>Perjanjian Kerja :&nbsp;039/HR.07-MSR/II/2017</li><li>No KTP :&nbsp;5201031205910002</li><li>Inventaris :</li><li>Kartu BPJS Kesehatan :&nbsp;0002181470769</li><li>Kartu BPJS Ketenagakerjaan :13038678127</li></ol>',NULL,NULL,NULL,NULL,NULL,NULL,NULL,NULL,NULL,NULL,NULL,NULL),(76,'Jamali Saefri','sef.lombok3@gmail.com','0819 3364 5240','Indonesia XL FOC East','','2017-02-01 00:00:00','1987-08-16 00:00:00','Kampung Pangendong RT 05 Kec. Praya Lombok Tengah','Laki Laki','Menikah','ISLAM',4,'avatar.png','<ol><li>Perjanjian Kerja :&nbsp;041/HR.07-MSR/II/2017</li><li>No KTP :&nbsp;5202012309880002</li><li>Inventaris :</li><li>Kartu BPJS Kesehatan :&nbsp;0001780453438</li><li>Kartu BPJS Ketenagakerjaan :17030685386</li></ol>',NULL,NULL,NULL,NULL,NULL,NULL,NULL,NULL,NULL,NULL,NULL,NULL),(77,'Hardiano','nanohardiano0@gmail.com','081917411131','Indonesia XL FOC East','','2017-02-01 00:00:00','1983-06-08 00:00:00','Kampung Padang RT/RW Desa Masbagik Selatan, Kec. Masbagik Kab. Lombok Timur','Laki Laki','Menikah','ISLAM',4,'avatar.png','<ol><li>Perjanjian Kerja :&nbsp;042/HR.07-MSR/II/2017</li><li>No KTP :&nbsp;5203050806830001</li><li>Inventaris :</li><li>Kartu BPJS Kesehatan : APBN</li><li>Kartu BPJS Ketenagakerjaan :13038677988</li></ol>',NULL,NULL,NULL,NULL,NULL,NULL,NULL,NULL,NULL,NULL,NULL,NULL),(78,'Mohammad Syamsul Rohman','syamsulrohmanr@gmail.com','081916821500','Indonesia XL FOC East','','2017-02-01 00:00:00','1983-06-15 00:00:00','Peresak Timur RT/RW 09/05 Desa Kelayu Selatan Kec. Selong Kab. Lombok Timur','Laki Laki','Menikah','ISLAM',4,'avatar.png','<ol><li>Perjanjian Kerja :&nbsp;044/HR.07-MSR/II/2017</li><li>No KTP :&nbsp;5203071506830006</li><li>Inventaris :</li><li>Kartu BPJS Kesehatan :&nbsp;0001780524527</li><li>Kartu BPJS Ketenagakerjaan :13038678192</li></ol>',NULL,NULL,NULL,NULL,NULL,NULL,NULL,NULL,NULL,NULL,NULL,NULL),(79,'Nyoman Marta Trisna Amijaya','daffaamijaya@gmail.com','087765555565','Indonesia XL FOC East','','2017-02-01 00:00:00','1986-03-05 00:00:00','Lokok Gitak RT/RW 05/03 Desa Gondang Kec. Gangga Kab. Lombok Utara','Laki Laki','Menikah','ISLAM',4,'avatar.png','<ol><li>Perjanjian Kerja :&nbsp;045/HR.07-MSR/II/2017</li><li>No KTP :&nbsp;5208020503860000</li><li>Inventaris :</li><li>Kartu BPJS Kesehatan :&nbsp;0002196500073</li><li>Kartu BPJS Ketenagakerjaan :17019143472</li></ol>',NULL,NULL,NULL,NULL,NULL,NULL,NULL,NULL,NULL,NULL,NULL,NULL),(80,'HASBULLAH TARAQI','hasbullahtaraqi@gmail.com','081917728468','Indonesia XL FOC East','','2017-02-01 00:00:00','1978-03-11 00:00:00','Kampung Padang RT/RW Desa Masb agik Selatan, Kec. Masbagik Kab. Lombok Timur','Laki Laki','Menikah','ISLAM',4,'avatar.png','<ol><li>Perjanjian Kerja : 046/HR.07-MSR/II/2017&nbsp;</li><li>No KTP :&nbsp;5203051103780002</li><li>Inventaris : Notebook i3</li><li>Kartu BPJS Kesehatan :&nbsp;0001780524505</li><li>Kartu BPJS Ketenagakerjaan :&nbsp;13038677996</li></ol>',NULL,NULL,NULL,NULL,NULL,NULL,NULL,NULL,NULL,NULL,NULL,NULL),(81,'M.Umar Zubayyin','umarzubayyin@gmail.com','081915849261','Indonesia XL FOC East','','2017-02-01 00:00:00','1989-12-14 00:00:00','Karang Anyar Baret Ds. Mamben Lauk Kec. Wanasaba Kab. Lombok Timur','Laki Laki','Menikah','ISLAM',4,'avatar.png','<ol><li>Perjanjian Kerja :&nbsp;048/HR.07-MSR/II/2017</li><li>No KTP :&nbsp;5203141412890004</li><li>Inventaris :&nbsp;Supporting Notebook i3 Service (incl maintenance) *) Existing in East Java,&nbsp;Supporting Vehicle Service for Van (including Operational &amp; Maintenance) in East Java</li><li>Kartu BPJS Kesehatan :&nbsp;0001780453473</li><li>Kartu BPJS Ketenagakerjaan :&nbsp;17019142573</li></ol>',NULL,NULL,NULL,NULL,NULL,NULL,NULL,NULL,NULL,NULL,NULL,NULL),(82,'I Made Ariana Ninggara','made.ari98@gmail.com','081917039249','','','2017-02-01 00:00:00','1989-02-11 00:00:00','Jl. Maninting Raya 49 BTN KKLK RT/RW 12/12 Kel. Pagesangan Barat Mataram','Laki Laki','Menikah','HINDU',4,'avatar.png','<ol><li>Perjanjian Kerja :&nbsp;049/HR.07-MSR/II/2017</li><li>No KTP :&nbsp;5271051102890004</li><li>Inventaris :Supporting Notebook i3 Service (incl maintenance) *) Existing in East Java,&nbsp;Supporting Vehicle Service for Van (including Operational &amp; Maintenance) in East Java</li><li>Kartu BPJS Kesehatan :&nbsp;0001780524538</li><li>Kartu BPJS Ketenagakerjaan :&nbsp;13038678077</li></ol>',NULL,NULL,NULL,NULL,NULL,NULL,NULL,NULL,NULL,NULL,NULL,NULL),(83,'Indra Wresni Wirawan','iwan.wresni@gmail.com','08175752926','Indonesia XL FOC East','','2017-02-01 00:00:00','1976-05-26 00:00:00','Jl. Neuningan No.37 Dasan Lekong Bertais RT 06 Kec. Sandubaya Mataram','Laki Laki','Menikah','ISLAM',4,'avatar.png','<ol><li>Perjanjian Kerja :&nbsp;050/HR.07-MSR/II/2017</li><li>No KTP :&nbsp;5271062605760003</li><li>Inventaris :Supporting Notebook i3 Service (incl maintenance) *) Existing in East Java,&nbsp;Supporting Vehicle Service for Van (including Operational &amp; Maintenance) in East Java</li><li>Kartu BPJS Kesehatan : APBN</li><li>Kartu BPJS Ketenagakerjaan :&nbsp;13014237252</li></ol>',NULL,NULL,NULL,NULL,NULL,NULL,NULL,NULL,NULL,NULL,NULL,NULL),(84,'Yudi Irawansyah','yudhi.ms.sumbawa@gmail.com','081915887679','Indonesia XL FOC East','','2017-02-01 00:00:00','1983-12-12 00:00:00','Jl. Mawar RT/RW 03/10 Kel. Bugis Sumbawa Besar NTB','Laki Laki','Menikah','ISLAM',4,'avatar.png','<ol><li>Perjanjian Kerja :&nbsp;052/HR.07-MSR/II/2017</li><li>No KTP :&nbsp;5204081218230003</li><li>Inventaris :Supporting Notebook i3 Service (incl maintenance) *) Existing in East JavaSupporting Vehicle Service for Van (including Operational &amp; Maintenance) in East Java</li><li>Kartu BPJS Kesehatan :&nbsp;0001630509805</li><li>Kartu BPJS Ketenagakerjaan :&nbsp;13038678523</li></ol>',NULL,NULL,NULL,NULL,NULL,NULL,NULL,NULL,NULL,NULL,NULL,NULL),(85,'Hendra Anggriawan','hendra.anggriawan87@gmail.com','081915840969','Indonesia XL FOC East','','2017-02-01 00:00:00','1987-08-16 00:00:00','','Laki Laki','Menikah','ISLAM',4,'avatar.png','<ol><li>Perjanjian Kerja :&nbsp;052/HR.07-MSR/II/2017</li><li>No KTP :&nbsp;5204081608870002</li><li>Inventaris :</li><li>Kartu BPJS Kesehatan :&nbsp;0001630509849</li><li>Kartu BPJS Ketenagakerjaan :13038678010</li></ol>',NULL,NULL,NULL,NULL,NULL,NULL,NULL,NULL,NULL,NULL,NULL,NULL),(86,'Sudirman Sastro','','087863812111/081918337447','Indonesia XL FOC East','','2017-02-01 00:00:00','1991-11-20 00:00:00','Dsn. Juran Alas RT/RW 03/02 Desa Juran Alas Kec. Alas Sumbawa','Laki Laki','Menikah','ISLAM',4,'avatar.png','<ol><li>Perjanjian Kerja :&nbsp;053/HR.07-MSR/II/2017</li><li>No KTP :&nbsp;5204052011910001</li><li>Inventaris :</li><li>Kartu BPJS Kesehatan : APBN</li><li>Kartu BPJS Ketenagakerjaan :17019143019</li></ol>',NULL,NULL,NULL,NULL,NULL,NULL,NULL,NULL,NULL,NULL,NULL,NULL),(87,'Yudi Irawansyah','yudhi.ms.sumbawa@gmail.com','081915887679','Indonesia XL FOC East','','2017-02-01 00:00:00','1983-12-12 00:00:00','Jl. Mawar RT/RW 03/10 Kel. Bugis Sumbawa Besar NTB','Laki Laki','Menikah','i',4,'avatar.png','<ol><li>Perjanjian Kerja :&nbsp;051/HR.07-MSR/II/2017</li><li>No KTP :&nbsp;3573051307990008</li><li>Inventaris :Supporting Notebook i3 Service (incl maintenance) *) Existing in East JavaSupporting Vehicle Service for Van (including Operational &amp; Maintenance) in East Java</li><li>Kartu BPJS Kesehatan : On Proses edabu</li><li>Kartu BPJS Ketenagakerjaan : belum terdaftar</li></ol>',NULL,NULL,NULL,NULL,NULL,NULL,NULL,NULL,NULL,NULL,NULL,NULL),(88,'Hendra Anggriawan','hendra.anggriawan87@gmail.com','081915840969','Indonesia XL FOC East','','2017-02-01 00:00:00','1987-08-16 00:00:00','Seketeng RT/RW 04/05 Desa Seketeng Kec. Sumbawa Kab. Sumbawa','Laki Laki','Menikah','ISLAM',4,'avatar.png','<ol><li>Perjanjian Kerja :&nbsp;052/HR.07-MSR/II/2017</li><li>No KTP :&nbsp;5204081608870002</li><li>Inventaris :</li><li>Kartu BPJS Kesehatan :&nbsp;0001630509849</li><li>Kartu BPJS Ketenagakerjaan :13038678010</li></ol>',NULL,NULL,NULL,NULL,NULL,NULL,NULL,NULL,NULL,NULL,NULL,NULL),(89,'Sudirman Sastro','','087863812111/081918337447','Indonesia XL FOC East','','2017-02-01 00:00:00','1991-11-20 00:00:00','','Laki Laki','Menikah','ISLAM',4,'avatar.png','<ol><li>Perjanjian Kerja :&nbsp;053/HR.07-MSR/II/2017</li><li>No KTP :&nbsp;5204052011910001</li><li>Inventaris :</li><li>Kartu BPJS Kesehatan : APBN</li><li>Kartu BPJS Ketenagakerjaan :&nbsp;17019143019</li></ol>',NULL,NULL,NULL,NULL,NULL,NULL,NULL,NULL,NULL,NULL,NULL,NULL),(90,'David Primulyo','','0817348558','Indonesia XL FOC East','','2017-02-01 00:00:00','1982-04-22 00:00:00','Jl. A. Yani Lingk Dorotoi I Kel. Dorotangga Kec. Dompu Kab. Dompu NTB','Laki Laki','Menikah','ISLAM',4,'avatar.png','<ol><li>Perjanjian Kerja :&nbsp;054/HR.07-MSR/II/2017</li><li>No KTP :&nbsp;5205012204820001</li><li>Inventaris :</li><li>Kartu BPJS Kesehatan :&nbsp;0002096105073</li><li>Kartu BPJS Ketenagakerjaan :&nbsp;13038677855</li></ol>',NULL,NULL,NULL,NULL,NULL,NULL,NULL,NULL,NULL,NULL,NULL,NULL),(91,'Taufiq','','081915820483','Indonesia XL FOC East','','2017-02-01 00:00:00','1983-07-28 00:00:00','Jl. Lintas Sumbawa Dsn. Napa Desa Nanga Tumpu Kec. Manggalewa, Dompu','Laki Laki','Menikah','ISLAM',4,'avatar.png','<ol><li>Perjanjian Kerja :&nbsp;055/HR.07-MSR/II/2017</li><li>No KTP :&nbsp;5205072807830002</li><li>Inventaris :</li><li>Kartu BPJS Kesehatan :&nbsp;Terdaftar di sumbawa</li><li>Kartu BPJS Ketenagakerjaan :13038678473</li></ol>',NULL,NULL,NULL,NULL,NULL,NULL,NULL,NULL,NULL,NULL,NULL,NULL),(92,'Ferry Sanjaya','','081909087630','Indonesia XL FOC East','','2017-02-01 00:00:00','1992-02-22 00:00:00','Dsn. Semelan Desa Sekongkang Atas Kec. Sekongkang Sumbawa Barat NTB','Laki Laki','Menikah','ISLAM',4,'avatar.png','<ol><li>Perjanjian Kerja :&nbsp;056/HR.07-MSR/II/2017</li><li>No KTP :&nbsp;5207042702920001</li><li>Inventaris :</li><li>Kartu BPJS Kesehatan :&nbsp;0002096102485</li><li>Kartu BPJS Ketenagakerjaan :13038677954</li></ol>',NULL,NULL,NULL,NULL,NULL,NULL,NULL,NULL,NULL,NULL,NULL,NULL),(93,'Hayat Supriadi','','','','','2017-02-01 00:00:00','1980-01-09 00:00:00','Dsn. Tal RT/RW 01/04, Kec Alas Sumbawa NTB','Laki Laki','Menikah','ISLAM',4,'avatar.png','<ol><li>Perjanjian Kerja :&nbsp;058/HR.07-MSR/II/2017</li><li>No KTP :&nbsp;5204050901800003</li><li>Inventaris :</li><li>Kartu BPJS Kesehatan :&nbsp;0001626367904</li><li>Kartu BPJS Ketenagakerjaan :13038678002</li></ol>',NULL,NULL,NULL,NULL,NULL,NULL,NULL,NULL,NULL,NULL,NULL,NULL),(94,'Muslimin','','0877-6321-8673','Indonesia XL FOC East','','2017-02-01 00:00:00','1989-10-14 00:00:00','Dsn. Karang Juli RT/RW 01/02 Desa Kadindi Kec. Pekat Kab. Dompu','Laki Laki','Menikah','ISLAM',4,'avatar.png','<ol><li>Perjanjian Kerja :&nbsp;</li><li>No KTP :&nbsp;060/HR.07-MSR/II/2017</li><li>Inventaris :</li><li>Kartu BPJS Kesehatan : APBN</li><li>Kartu BPJS Ketenagakerjaan :13038678234</li></ol>',NULL,NULL,NULL,NULL,NULL,NULL,NULL,NULL,NULL,NULL,NULL,NULL),(95,'Bukran','','087866907161','Indonesia XL FOC East','','2017-02-01 00:00:00','1989-02-12 00:00:00','','Laki Laki','Menikah','ISLAM',4,'avatar.png','<ol><li>Perjanjian Kerja :&nbsp;061/HR.07-MSR/II/2017</li><li>No KTP :&nbsp;5205061410890001</li><li>Inventaris :</li><li>Kartu BPJS Kesehatan : &nbsp;APBN</li><li>Kartu BPJS Ketenagakerjaan :13038678234</li></ol>',NULL,NULL,NULL,NULL,NULL,NULL,NULL,NULL,NULL,NULL,NULL,NULL),(96,'Muhamad Zainul Arifin','','087766916513','Indonesia XL FOC East','','2017-02-01 00:00:00','1974-08-17 00:00:00','Ntonggu RT/RW 09/01 Kec. Palibelo, Bima NTB','Laki Laki','Menikah','ISLAM',4,'avatar.png','<ol><li>Perjanjian Kerja :&nbsp;062/HR.07-MSR/II/2017</li><li>No KTP :&nbsp;52720417008740002</li><li>Inventaris :Air Conditioner Tools Kit Service in East Java</li><li>Kartu BPJS Kesehatan : APBN</li><li>Kartu BPJS Ketenagakerjaan :17019142417</li></ol>',NULL,NULL,NULL,NULL,NULL,NULL,NULL,NULL,NULL,NULL,NULL,NULL),(97,'Diky Kurniawan','dikycandra100@gmail.com','087861691888','Indonesia XL FOC East','','2017-02-01 00:00:00','1994-04-10 00:00:00','Jl. Sri Tanjung Lingk Kaliwining RT/RW 01/03 Kec. Sumbersari Jember ','Laki Laki','Menikah','ISLAM',4,'avatar.png','<ol><li>Perjanjian Kerja :&nbsp;063/HR.07-MSR/II/2017</li><li>No KTP :&nbsp;3509211004940003</li><li>Inventaris :Supporting Notebook i3 Service (incl maintenance) *) Existing in East Java,&nbsp;</li><li>Kartu BPJS Kesehatan :&nbsp;0001780524437</li><li>Kartu BPJS Ketenagakerjaan :&nbsp;15041876812</li></ol>',NULL,NULL,NULL,NULL,NULL,NULL,NULL,NULL,NULL,NULL,NULL,NULL),(98,'Agus Mulyawan','','081916107352','Indonesia XL FOC East','','2017-02-01 00:00:00','1991-05-18 00:00:00','Jl. Wibisana/Mekarmanis VIII/1 Br/Link Balun Kec. Denpasar Utara Bali','Laki Laki','Menikah','ISLAM',4,'avatar.png','<ol><li>Perjanjian Kerja :&nbsp;064/HR.07-MSR/II/2017</li><li>No KTP :&nbsp;5171041805910000</li><li>Inventaris :</li><li>Kartu BPJS Kesehatan :&nbsp;0002181393382</li><li>Kartu BPJS Ketenagakerjaan :15056772021</li></ol>',NULL,NULL,NULL,NULL,NULL,NULL,NULL,NULL,NULL,NULL,NULL,NULL),(99,'I Gede Putu Suryatama','','081916107352','Indonesia XL FOC East','','2017-02-01 00:00:00','1994-02-06 00:00:00','Jl. Danau Kerinci Gg. VI/No.04 Sanur, Br/Link Belong Denpasar Bali','Laki Laki','Menikah','ISLAM',4,'avatar.png','<ol><li>Perjanjian Kerja :&nbsp;065/HR.07-MSR/II/2017</li><li>No KTP :&nbsp;517103060294001</li><li>Inventaris :Supporting Vehicle Service for Van (including Operational &amp; Maintenance) in East Java</li><li>Kartu BPJS Kesehatan :&nbsp;0002181470758</li><li>Kartu BPJS Ketenagakerjaan :14009161580</li></ol>',NULL,NULL,NULL,NULL,NULL,NULL,NULL,NULL,NULL,NULL,NULL,NULL),(100,'Gigih Imam Uddin','','087861557178','Indonesia XL FOC East','','2017-02-01 00:00:00','1991-02-25 00:00:00','Lingkunga Samiana Kec. Melaya Jembrana Bali','Laki Laki','Menikah','ISLAM',4,'avatar.png','<ol><li>Perjanjian Kerja :&nbsp;067/HR.07-MSR/II/2017</li><li>No KTP :&nbsp;5101042502910006</li><li>Inventaris :</li><li>Kartu BPJS Kesehatan :&nbsp;Terdaftar di Grup Hardy`s PT</li><li>Kartu BPJS Ketenagakerjaan :&nbsp;17019143522</li></ol>',NULL,NULL,NULL,NULL,NULL,NULL,NULL,NULL,NULL,NULL,NULL,NULL),(101,'Adi Setiawan Saputra','','087853283840','Indonesia XL FOC East','','2017-02-01 00:00:00','1980-08-30 00:00:00','Asem Jaya I / 15 Surabaya RT/RW 01/04 Kec. Bubutan','Laki Laki','Menikah','ISLAM',4,'avatar.png','<ol><li>Perjanjian Kerja :&nbsp;068/HR.07-MSR/II/2017</li><li>No KTP :&nbsp;3578133008800001</li><li>Inventaris :Supporting Notebook i3 Service (incl maintenance) *) Existing in East Java,&nbsp;Supporting Vehicle Service for Van (including Operational &amp; Maintenance) in East Java</li><li>Kartu BPJS Kesehatan :&nbsp;0001780453359</li><li>Kartu BPJS Ketenagakerjaan : belum terdaftar</li></ol>',NULL,NULL,NULL,NULL,NULL,NULL,NULL,NULL,NULL,NULL,NULL,NULL),(103,'natagon','natagon@nata.com','81881811','Sales','Rp 1.000.000','2018-02-21 00:00:00','2018-02-14 00:00:00','BAli','Laki Laki','Menikah','Hindu',14,'avatar.png','<p>ssvss</p>','Bri','nataa','5555252','r2222','Bali','S1','Warmadewa','Akuntansi','1881818181','1414141411','1888188811','727272722'),(104,'virania','','','','','2018-02-21 00:00:00','2018-02-19 00:00:00','','Laki Laki','Menikah','',14,'avatar.png','','','','','','','','','','','','',''),(105,'natagon','betonindograha.sales@gmail.com','01010011010','Sales','Rp 2.000.000','2018-02-21 00:00:00','2018-02-10 00:00:00','Bsbabab','Laki Laki','Menikah','Hibdu',16,'avatar.png','<p>Bsbsb</p>','Bsbab','Bsbsbab','Bsbaba','Vsbsba','Bali','S1','Warmadewa','Akuntansi','Nahaha','12334455555Hshshs','Nababab','Hababa'),(106,'','','','','','2018-02-13 00:00:00','2018-01-29 00:00:00','','Laki Laki','Menikah','',16,'avatar.png','','','','','','','','','','','','',''),(109,'Trianto','','0818574708','','','2017-02-01 00:00:00','1979-06-21 00:00:00','Jl. Slamet Riyadi 151 RT/RW 01/02 Ds. Semen Kediri','Laki Laki','Menikah','Islam',4,'avatar.png','','','','0001641018172','15003664727','Jember','','','','3506012106790002','K.017.02.076','',''),(110,'Syamsul Jainuri','','087750037979','','','2017-02-01 00:00:00','2018-03-14 00:00:00','Dsn. Paowan RT/RW 01/01 Kec. Pasongsongan Sumenep','Laki Laki','Menikah','Islam',4,'avatar.png','','','','0001630509704','17030685261','Jember','','','','3529131403880001','K.017.02.077','',''),(111,'Miko Ardiyanto','ardiyanto.miko@gmail.com','081946663811','FOP','','2017-02-01 00:00:00','1991-05-25 00:00:00','Genuksari RT/RW 05/01 Kec. Genuk Semarang','Laki Laki','Menikah','Islam',4,'avatar.png','','','','0001842578818','17019143183','Surabaya','','','','3374052505910000','K.017.02.078','',''),(112,'Muhammad Holik','kholek989@gmail.com','081939521616','FOP','','2017-02-01 00:00:00','2018-05-29 00:00:00','Jl. Basuki Rahmat No.54 Probolinggo','Laki Laki','Menikah','Islam',4,'avatar.png','','','','0001198013106','17030685311','','','','','3574032905890006','K.017.02.079','',''),(113,'Lutfi Hidayat','lutfihidayatulfa@gmail.com','087854028857','Indonesia XL FOC East','','2017-02-02 00:00:00','1989-01-03 00:00:00','Manukan Krajan III 31-F/49 RT/RW 01/13 Kec. Tandes Surabaya\r\n','Laki Laki','Menikah','ISLAM',4,'avatar.png','<ol><li>Perjanjian Kerja :&nbsp;070/HR.07-MSR/II/2017</li><li>Inventaris :&nbsp;Supporting Notebook i3 Service (incl maintenance) in East Java,&nbsp;Supporting Vehicle Service for Van (including Operational &amp; Maintenance) in East Java</li></ol>','Mandiri','Lutfi Hidayat','0000789925386','17030685303','Surabaya','','','','3578160301890005','K.017.02.070','141-00-14144-091',''),(114,'Eko Wibisono','','081949765232','Indonesia XL FOC East','','2017-02-01 00:00:00','1974-09-15 00:00:00','Jl. Pondok Benowo Indah Blok A5 No.46 Surabaya\r\n','Laki Laki','Menikah','ISLAM',4,'avatar.png','<ol><li>Perjanjian Kerja :&nbsp;071/HR.07-MSR/II/2017</li><li>Inventaris&nbsp;Supporting Notebook i3 Service (incl maintenance) in East Java</li></ol>','Mandiri','Eko Wibisono','Individual','Blm Terdaftar','Surabaya','','','','1255271509740001','K.017.02.071','900-00-27978-064',''),(115,'Wisnu Kusbandono','wisnu.kusbandono@gmail.com','087751300918','Indonesia XL FOC East','','2017-02-01 00:00:00','1993-10-26 00:00:00','Tandes Kidul Gg. Makam RT/RW 03/01 Kec. Tandes Surabaya\r\n','Laki Laki','Menikah','ISLAM',4,'avatar.png','<ol><li>Perjanjian Kerja :&nbsp;072/HR.07-MSR/II/2017</li><li>Inventaris :Supporting Notebook i3 Service (incl maintenance) *) Existing in East Java,&nbsp;Supporting Vehicle Service for Van (including Operational &amp; Maintenance) in East Java</li></ol>','Mandiri','Wisnu Kusbandono','Terdaftar di Unimos, PT','16008893568','Surabaya','','','','357814261093001','K.017.02.072','141-00-13016-530 ',''),(116,'Avik Beni Hartoyo','av.ik.ai91@gmail.com','087752897886','Indonesia XL FOC East','','2017-02-01 00:00:00','1991-06-24 00:00:00','Ngaruan RT/RW 04/01 Kec. Soko Tuban\r\n','Laki Laki','Menikah','ISLAM',4,'avatar.png','<ol><li>Perjanjian Kerja :&nbsp;073/HR.07-MSR/II/2017</li><li>Inventaris :&nbsp;</li></ol>','Mandiri','Avik Beni Hartoyo','0001780453258','17019142987','Surabaya','','','','3523112406910002','K.017.02.073','140-00-15359-087',''),(117,'Ageng Ardila','agengardila654@gmail.com','0877 0313 6261','Indonesia XL FOC East','','2017-02-01 00:00:00','1992-01-28 00:00:00','Semambung RT/RW 01/01 Kec. Wonoayu Sidoarjo\r\n','Laki Laki','Menikah','ISLAM',4,'avatar.png','<ol><li>Perjanjian Kerja :&nbsp;074/HR.07-MSR/II/2017</li><li>Inventaris :&nbsp;</li></ol>','Mandiri','AGENG ARDILA','0001780493343','17030685394','Surabaya','','','','351510260192006','K.017.02.074','141-00-15013-071',''),(118,'Halili Nur Irawan','halili.nur.irawan@gmail.com','087851686347','Indonesia XL FOC East','','2017-02-01 00:00:00','1986-12-12 00:00:00','Dsn. Lontar RT/RW 33/07 Kec. Mojosati Mojokerto\r\n','Laki Laki','Menikah','ISLAM',4,'avatar.png','<ol><li>Perjanjian Kerja :&nbsp;075/HR.07-MSR/II/2017</li><li>Inventaris :&nbsp;</li></ol>','Mandiri','Halili Nur Irawan','0001626367599','17030685402','Surabaya','','','','3514121212860002','K.017.02.075','142-00-13472-351',''),(119,'Roni Agus Cahyono','ronisyauqi@gmail.com','087763310538','FME TE NGAWI','','2017-02-01 00:00:00','1982-08-30 00:00:00','Dukuh Winong I Kec. Jetis Ponorogo','Laki Laki','Menikah','Islam',4,'avatar.png','','','','0001780493332','17019143308','Madiun','','','','3521013008820002','K.017.02.080','',''),(120,'Abdillah Fauzi','fauziabdillah169@gmail.com','\'087703223006','FOP','','2017-02-01 00:00:00','1976-09-30 00:00:00','Dsn. Kejambon Kec. Jombang Jombang','Laki Laki','Menikah','Islam',4,'avatar.png','','','','0001848314643','17019142581','Madiun','','','','3521033009760000','K.017.02.081','',''),(121,'Lukman Hakim','lukman_h2550@yahoo.com','081938305534','FOP','','2017-02-01 00:00:00','1993-08-25 00:00:00','Ds. Ngraho RT/RW 08/03 Kec. Kedungtuban Blora','Laki Laki','Menikah','Islam',4,'avatar.png','','','','0001787784434','16030838045','Madiun','','','','3316042506930001','K.017.02.082','',''),(122,'Mohamad Zainudin','','081939190723','FOP','','2017-02-01 00:00:00','1984-03-10 00:00:00','Dsn. Seblak RT/RW 06/02 Kec. Diwek, Jombang\r\n','Laki Laki','Menikah','Islam',4,'avatar.png','','','','0001780453236','14044031244','','','','','3517081003840004','K.017.02.083','',''),(123,'Fahrudin Irwanto','fahrudin24irwanto@gmail.com','087794157924','FOP','','2017-02-01 00:00:00','1987-01-24 00:00:00','Dsn. Suromenggalan RT/RW 02/15 Kec. Rejotangan Tulungangung','Laki Laki','Menikah','Islam',4,'avatar.png','','','','0001641018137','14044031111','Malang','','','','3504132401870001','K.017.02.085','',''),(124,'Bambang Muchtar','','081913450601','FOP','','2017-02-01 00:00:00','1978-06-02 00:00:00','Semambung RT/RW 07/04 Kec. Grati Pasuruan','Laki Laki','Menikah','Islam',4,'avatar.png','','','','0001402462258','17019142995','Malang','','','','3514200206780004','K.017.02.086','',''),(125,'Agung Satya Nugratama','','081999821594','FO','','2017-02-01 00:00:00','1996-05-18 00:00:00','Jl. Siluan Gg Sekar Sari XIV - 8br/link Dsn. Merta Sari Kel. Kenatih Dangri Kec. Denpasar Timur Bali','Laki Laki','Menikah','Islam',4,'avatar.png','','','','0001780493365','17030685485','Bali','','','','5171021805960001','K.017.02.088','',''),(126,'Suheri Almi Ramadhani','suherialmi022@gmail.com','0852-6587-2185','NOC','','2017-02-01 00:00:00','1995-02-02 00:00:00','Dusun I Jorong Kayu Aro Kel. Batang Barus Kec. Gunung Barus Kab. Solok Sumatera Barat\r\n','Laki Laki','Belum Menikah','Islam',4,'avatar.png','','','','0001780453484','17019143357','Jakarta','','','','1302074202950003','K.017.02.091','',''),(127,'Mohamad Ali','mohamadali7733@gmail.com','081389462304','NOC','','2017-02-01 00:00:00','1992-02-24 00:00:00','Bekasi Regensi 2 Blok AA 2/47 RT 001 RW 018 Kel. Wanasari Kec. Cibitung Kab. Bekasi Jawa Barat\r\n','Laki Laki','Belum Menikah','Islam',4,'avatar.png','','','','','','Jakarta','','','','3216072402920002','K.017.02.092','',''),(128,'Eka Samherna, ST','samhermaeka26@gmail.com','085691660426','NOC','','2017-02-01 00:00:00','1993-12-31 00:00:00','Jalan Bhayangkara Gang Damai RT 05 RW 05 No.52 Kel. Pakualam Kec. Serpong Utara, Tangerang Selatan\r\n','Laki Laki','Belum Menikah','Islam',4,'avatar.png','','','','','17019142615','Jakarta','','','','3674027112930004','K.017.02.093','',''),(129,'Edi Kusnaedi','edii.kusnaedi@gmail.com','081210628762','NOC','','2017-02-01 00:00:00','1988-12-22 00:00:00','Jalan Kacapi 4 Blok C Perum RT 009 RW 015 Kel. Jatimulya Kec. Tambun Selatan Kab. Bekasi \r\n','Laki Laki','Menikah','Islam',4,'avatar.png','','','','0002181470872','17019142623','Jakarta','','','','3216062212880002','K.017.02.094','',''),(130,'Mutia Rahma Prawidia, ST','','085267007131','ADM project HS','','2017-02-01 00:00:00','1993-09-12 00:00:00','Perum Griya Wiwaha Pasir Honje No.10 RT/RW 05/01 A Kec. Cimenyan Kel. Padasuka Bandung Jawa Barat\r\n','Perempuan','Belum Menikah','Islam',4,'avatar.png','','','','\'0001447113115','16030776765','Bandung','','','','1671045209930010','K.017.02.097','',''),(131,'Cynthia Herliani','','08157104160','ADM Project DMT','','2017-02-01 00:00:00','1993-06-01 00:00:00','Jl. Baladewa GG. IV No. 47 Bandung\r\n','Perempuan','Belum Menikah','Kristen',4,'avatar.png','','','','0002181022942','','Bandung','','','','3273064106930009','K.017.02.099','',''),(132,'Ngakan Made Kutha','','081809096311','Keuangan','','2017-02-01 00:00:00','1989-10-10 00:00:00','Jl. Pratista Timur III No.9 RT/RW 07/15 Antapani, Bandung\r\n','Laki Laki','Belum Menikah','Hindu',4,'avatar.png','','','','0002181022931','','Bandung','','','','3273201010890002','K.017.02.100','',''),(133,'Raden Sayuti','denzmochamad@gmail.com','6287827338898','FO','','2016-06-01 00:00:00','1990-01-05 00:00:00','Kp. Nangkabongkok RT/RW 03/06 Kel. Gandamekar Kec. Kadungora Kab. Garut\r\n','Laki Laki','Menikah','Islam',4,'avatar.png','','','','0001812510257','17019142938','Garut','','','','3217020427910002','K.016.07.004','',''),(134,'Iqbal Q','dera039@gmail.com','087718421994','FO','','2016-07-01 00:00:00','1993-05-24 00:00:00','Kp. Pamoyanan RT/RW 05/01 Kel. Sukagalih Kec. Tarogong Kidul Kab. Garut\r\n','Laki Laki','Belum Menikah','Islam',4,'avatar.png','','','','','17030685352','Tasikmalaya','','','','3205052105940003','K.016.07.003','',''),(135,'Diaz Wahyu Prakoso','diazprakoso89@gmail.com','6289647225092','FO','','2016-07-01 00:00:00','1997-05-31 00:00:00','Perum Bukit Kalimaya Indah Blok BJ No.2 Bojong Herang Cianjur\r\n','Laki Laki','Belum Menikah','Islam',4,'avatar.png','','','','\'0001808019448','','West Java','','','','3402053103970001','K.016.07.002','',''),(136,'Syamsuddin','syamsuddinsiregar09@gmail.com','628179200789','FO','','2016-07-01 00:00:00','1971-09-06 00:00:00','Jl. Cilengkrang 2 RT/RW 03/09 Kec. Cibiru Kota Bandung\r\n','Laki Laki','Menikah','Islam',4,'avatar.png','','','','0001780453078','17019143274','Bandung West','','','','3273250609710001','K.016.07.007','',''),(137,'Solihin Ginanjar Permana','sollygp79@yahoo.com','085956595033','FO','','2016-07-01 00:00:00','1979-12-06 00:00:00','Kp. Cijawa Ds. Sukahaji RT/RW 04/07 Kec. Cipandeuy Kab. Bandung Barat\r\n','Laki Laki','Menikah','Islam',4,'avatar.png','','','','','','Bandung West','','','','3217050612790000','K.016.07.006','',''),(138,'Mustofa','musthofa2406@yahoo.com','6281909855779','FO','','2016-07-01 00:00:00','1986-03-08 00:00:00','Ds. Simojayan RT/RW 04/03 Kec. Ampelgading Malang\r\n','Laki Laki','Menikah','Islam',4,'avatar.png','','','','0002183629959','17019143399','Subang','','','','32072906067350001','K.016.07.010','',''),(139,'Suhadi','','6281802376526','FO','','2016-07-01 00:00:00','1989-02-11 00:00:00','Ds. Sampiran Blok Kaligandu RT/RW 03/03 Kec. Talun Kab. Cirebon\r\n','Laki Laki','Menikah','Islam',4,'avatar.png','','','','','17019142409','Cierebon','','','','3209141102890002','K.016.07.011','',''),(140,'Sugiyatno','','6287829580300','FO','','2016-07-01 00:00:00','1969-06-07 00:00:00','Sorowajan RT 10 Panggung Harjo Sawon Bantul Jogjakarta\r\n','Laki Laki','Menikah','Islam',4,'avatar.png','','','','','17019143142','Cierebon','','','','3327132084360004','K.016.07.012','',''),(141,'Solehudin','','6287829419377','FO','','2016-07-01 00:00:00','1972-07-12 00:00:00','Jl. Karang Anyar Kesambi GG. Indra Kila RT/RW 10/02 Cirebon\r\n','Laki Laki','Menikah','Islam',4,'avatar.png','','','','0001833706631','17019143407','Cierebon','','','','2374051207720002','K.016.07.014','',''),(142,'Riyato','riyatoato@gmail.com','6287710616662','FO','','2016-07-01 00:00:00','1979-02-18 00:00:00','Bukit Ciperna C7 No. 20 RT/RW 02/10 Kec. Talun Kab. Cirebon\r\n','Laki Laki','Menikah','Islam',4,'avatar.png','','','','0001168287939','17019143134','Cirebon','','','','3209141802790003','K.016.07.016','',''),(143,'Dede Tedy','','081993222221','FO','','2016-07-01 00:00:00','1978-06-28 00:00:00','Kamp Lembur Gede RT/RW 02/04 Kel. Gunung Halu Bandung Barat\r\n','Laki Laki','Menikah','Islam',4,'avatar.png','','','','0001607106622','17019142722','West Java','','','','3217152806780002','K.016.07.019','',''),(144,'Andri Andriyana','','08987856779','OB','','2015-04-01 00:00:00','1997-11-04 00:00:00','Babakan Teureup RT/RW 07/10 Kel. Pasirjati Kec. Ujung Berung\r\n','Laki Laki','Belum Menikah','Islam',4,'avatar.png','','','','','','Bandung','','','','','K.015.04.030','',''),(145,'Dani Supardani','supardani.d@gmail.com','081912300456','FO','','2016-07-01 00:00:00','1982-11-14 00:00:00','Perum Suci Permai RT/RW 02/07 Kel. Suci Kaler Kec. Karang Pawitan Garut\r\n','Laki Laki','Menikah','Islam',4,'avatar.png','','','','0002181345862','17019142946','Garut','','','','3205090411820006','K.016.07.020','',''),(146,'Abdullah','','6281939343662','FO','','2016-07-01 00:00:00','1979-05-25 00:00:00','Ds. Trasar Kec. Larangan Kab. Pamekasan\r\n','Laki Laki','Menikah','Islam',4,'avatar.png','','','','','17019142763','Pamekasan','','','','3528080705800003','K.016.07.025','',''),(147,'Moh. Soleh','madsaleh68@gmail.com','628175074474','FO','','2016-07-01 00:00:00','1968-02-10 00:00:00','Ds. Patemon DS. Peltong, Kec. Larangan Kab. Pamekasan\r\n','Laki Laki','Menikah','Islam',4,'avatar.png','','','','','','Pamekasan','','','','3528081002680001','K.016.07.026','',''),(148,'Sanidi','Sanidi46@gmail.com','62819676970','East','','2017-01-01 00:00:00','1980-05-16 00:00:00','','Laki Laki','Menikah','Islam',4,'avatar.png','','','','14044031202','','Pamekasan','','','','3528081605800002','K.016.07.027','',''),(149,'Joni Setiawan','joni.setiawan570@gmail.com','6287701887085','FME CME ','','2016-07-02 00:00:00','1994-07-10 00:00:00','Dusun Temor Lorong Kalimo\'ok\r\n','Laki Laki','Belum Menikah','Islam',4,'avatar.png','','','','0001780453304','16030838078','Pamekasan','','','','3529021006920002','K.016.07.028','',''),(150,'FATHOR RAHMAN','fathorrahman717@gmail.com','6281913676234','FME CME','','2016-07-01 00:00:00','1983-03-21 00:00:00','Jl. Gersik Putih Timur/ Kalianget Timur\r\n','Laki Laki','Menikah','Islam',4,'avatar.png','','','','0001818349839','14000113317','Sumenep 2','','','','3529022103830002','K.016.07.029','',''),(151,'Addin Antra Damara ','addinantra@gmail.com','085731063666','FME TE','','2016-07-01 00:00:00','1993-05-22 00:00:00','Jl. Kahayan No.87 RT/RW 07/06 Gresik\r\n','Laki Laki','Menikah','',4,'avatar.png','','','','0001819727008','17019142599','Pakong','','','','3525142205930004','K.016.07.031','',''),(152,'Samsul Arif Fendi','','','FME FO','','2016-07-01 00:00:00','1991-12-06 00:00:00','Ketapang Sampang\r\n','Laki Laki','Menikah','Islam',4,'avatar.png','','','','','','Bangkalan','','','','3527120612910008','K.016.07.037','',''),(153,'Taufikur Rohman ','','6287806837457','FME FO','','2016-07-01 00:00:00','1994-01-29 00:00:00','Ketapang Sampang\r\n','Laki Laki','Belum Menikah','Islam',4,'avatar.png','','','','0001780453282','17019142797','Bangkalan','','','','3527122901940002','K.016.07.038','',''),(154,'Mochammad Agus Riyanto','','6281937238650','FME CME','','2016-07-01 00:00:00','1987-12-06 00:00:00','Dsn. Pesisir Ds. Tamba\'an Camplong\r\n','Laki Laki','Menikah','Islam',4,'avatar.png','','','','0001780453269','17030685618','Sampang','','','','3527040612870004','K.016.07.039','',''),(155,'Arif Afandi','arifafandi1922@gmail.com','6281935020120','FME CME','','2016-07-01 00:00:00','1992-12-28 00:00:00','Ds. Kedawong Diwek Jombang\r\n','Laki Laki','Menikah','Islam',4,'avatar.png','','','','0001780453225','16018853412','Bangkalan','','','','3517082812920002','K.016.07.040','',''),(156,'Usman Ali','m.aliusman83@gmail.com','6287702503090','FME CME','','2016-07-01 00:00:00','1983-03-13 00:00:00','','Laki Laki','Menikah','Islam',4,'avatar.png','','','','','','Tanah Merah','','','','3517091303830003','K.016.07.041','',''),(157,'Haryanto','y4nto17@gmail.com','6287750999306','FME CME ','','2016-07-01 00:00:00','1990-06-19 00:00:00','Ketapang Sampang\r\n','Laki Laki','Menikah','Islam',4,'avatar.png','','','','0001780453293','13038259852','Ketapang Bangkalan','','','','3527121606900003','K.016.07.042','',''),(159,'Agus Basuki','Agus.Basuki@huawei.com','6287850903953','FME FO','','2016-07-01 00:00:00','1982-08-18 00:00:00','Pulosari I/12 RT/RW 1/6 Kel. Gunung Sari Surabaya\r\n','Laki Laki','Menikah','Islam',4,'avatar.png','','','','','16018853438','East Java 1','','','','3578211808820001','K.016.07.044','',''),(160,'Budi Priyo','budi.priyosantoso99@gmail.com','6285940382979','FME CME ','','2016-07-01 00:00:00','1986-05-30 00:00:00','Dsn. Karang Darapit RT/RW 01/01 Ds. Kebon Agung Kec. Kraksaan Kab. Probolinggo\r\n','Laki Laki','Menikah','Islam',4,'avatar.png','','','','0001780453203','16018853495','Tanah Merah','','','','3513143005860002','K.016.07.043','',''),(161,'Agus Sugiprabowo','','6281803282738','FME FO','','2016-07-01 00:00:00','1971-08-14 00:00:00','Jl. Krukah Selatan 14B/3 Surabaya\r\n','Laki Laki','Menikah','Islam',4,'avatar.png','','','','0001965925056','13038259969','Surabaya','','','','3578040408710002','K.016.07.045','',''),(162,'Dwi Oktafianto','','6281938681056','FME FO','','2016-07-01 00:00:00','1985-10-15 00:00:00','Genting 515 Surabaya\r\n','Laki Laki','Menikah','Islam',4,'avatar.png','','','','0001393572723','12039937185','Sidoarjo','','','','3578281510850001','K.016.07.046','',''),(163,'Akhmad Ikhsan','','087703034151','FME CME','','2016-07-01 00:00:00','1993-11-20 00:00:00','Ds. Senanbung, Gedangan Sidoarjo\r\n','Laki Laki','Menikah','Islam',4,'avatar.png','','','','0001780453214','16018853461','Waru','','','','3515162011930001','K.016.07.048','',''),(164,'Irpan','irpanxljoss@yahoo.com','6287703336511','FME CME','','2016-07-01 00:00:00','1966-11-20 00:00:00','Keboan Sikep RT/RW 2/10 Gedangan\r\n','Laki Laki','Menikah','Islam',4,'avatar.png','','','','0001780524448','16018853487','Sidoarjo','','','','3515162011660002','K.016.07.049','',''),(165,'Suwarno','','6281703541076','FME CME','','2016-07-01 00:00:00','1981-02-15 00:00:00','Surabaya\r\n','Laki Laki','Menikah','Islam',4,'avatar.png','','','','0001834516078','14007138531','Wiyung','','','','3578201502810003','K.016.07.050','',''),(166,'Sugeng Dwiyono','','6281919011212','FME Admin','','2016-07-01 00:00:00','1968-12-18 00:00:00','Jl. Gubeng Airlangga V/36A Surabaya\r\n','Laki Laki','Menikah','Islam',4,'avatar.png','','','','0002181384718','14000113416','Esat Java','','','','3578081812680006','Sugeng Dwiyono','',''),(167,'Arga yudha Wicaksono','argayudha27@gmail.com','6281990000060','FME TE','','2016-07-01 00:00:00','1986-12-31 00:00:00','Dukuh Tengah 03/02 Kec. Buduran Kab. Sidoarjo\r\n','Laki Laki','Menikah','Islam',4,'avatar.png','','','','0001848987257','13038259944','Waru','','','','3515153112860003','K.016.07.052','',''),(168,'Piriyus Brunsa','mugislamet666@gmail.com','6287853338676','PM Staff','','2016-07-01 00:00:00','1978-02-01 00:00:00','Pondok Jati Blok H/15 Sidoarjo\r\n','Laki Laki','Menikah','Islam',4,'avatar.png','','','','0001453698257','13038259951','East','','','','1214110102780006','K.016.07.053','',''),(169,'Nurrudin','mrbrudtehnic@gmail.com','6287859475285','FME TE','','2016-07-01 00:00:00','1986-10-10 00:00:00','Panggang Lele RT/RW 38/04 Arjowilangun Kalipare Malang\r\n','Laki Laki','Menikah','Islam',4,'avatar.png','','','','\'0002038161969','16018853354','Wonocolo','','','','3507111010860002','K.016.07.054','',''),(170,'Syaiful Rahman','','628170735657','FME CME ','','2016-07-01 00:00:00','1980-01-10 00:00:00','Mojoklanggru Lor 1/11\r\n','Laki Laki','Menikah','Islam',4,'avatar.png','','','','','','Jambangan','','','','3578081001800001','K.016.07.055','',''),(171,'Slamet Suyanto','slamet@huawei.com','6287854080380','FME TE','','2016-07-01 00:00:00','1974-06-30 00:00:00','','Laki Laki','Menikah','Islam',4,'avatar.png','','','','','17000667984','Pamekasan','','','','3578283006740030','K.016.07.056','',''),(172,'Yanuar Prahara','yanuarpraharayudha@gmail.com','6281703068610','FME FO','','2016-07-01 00:00:00','1985-01-11 00:00:00','Dupak Bandarejo 1/46\r\n','Laki Laki','Menikah','Islam',4,'avatar.png','','','','0001460720169','12023655033','Gresik','','','','3578281101850001','K.016.07.057','',''),(173,'Nur Qomari','qomari.hs@gmail.com','62817336642','FME Helper','','2016-07-01 00:00:00','1964-05-04 00:00:00','Karang Rejo VI No. 109 Surabaya\r\n','Laki Laki','Menikah','Islam',4,'avatar.png','','','','0001892473806','11034156502','Surabaya','','','','3578040405640005','K.016.07.058','',''),(174,'Wiji Riyanto','','628175081119','FME CME','','2016-07-01 00:00:00','1962-08-11 00:00:00','Banyu Urip Lor 2 No.7 Surabaya\r\n','Laki Laki','Menikah','Islam',4,'avatar.png','','','','','17019143076','Asam Rowo','','','','3578061108620003','K.016.07.059','',''),(175,'Achmad Irfan','achmadirfan031@gmail.com','087751003858','FME CME','','2016-07-01 00:00:00','1984-03-30 00:00:00','','Laki Laki','Menikah','Islam',4,'avatar.png','','','','0001780453372','16018853479','Tanjung Perak','','','','3578193003840001','K.016.07.060','',''),(177,'Imam Sasmito','','628175117771','FME CME','','2016-07-01 00:00:00','1976-07-22 00:00:00','Pulowonokromo 177A\r\n','Laki Laki','Menikah','Islam',4,'avatar.png','','','','','17019143019','Tunjungan','','','','3578042207760005','K.016.07.063','',''),(178,'Henry Nova Aditya','henry.map071188@gmail.com','087856667569','FME CME','','2016-07-01 00:00:00','1988-11-11 00:00:00','Jetis Kulon I/57 Surabaya\r\n','Laki Laki','Menikah','Islam',4,'avatar.png','','','','','','Kenjeran','','','','3578040711880002','K.016.07.064','',''),(179,'Slamet Raharjo','satrioraharjo79@gmail.com','087828666301','FME TE','','2016-07-01 00:00:00','1982-05-29 00:00:00','Karah V/11 Kel. Karah Surabaya\r\n','Laki Laki','Menikah','Islam',4,'avatar.png','','','','0001440554501','17019142789','Tunjungan','','','','357820515144770','K.016.07.065','',''),(180,'Eko Mulyono','mr.eko.mulyono@gmail.com','6287757981775','FME FO','','2016-07-01 00:00:00','1987-10-07 00:00:00','Dusun Bunder\r\n','Laki Laki','Menikah','Islam',4,'avatar.png','','','','','14000113291','Jember','','','','3509240710870002','K.016.07.066','',''),(181,'Tofik Hidayah','opichidayah@gmail.com','08757410399','FME FO','','2016-07-01 00:00:00','1987-01-14 00:00:00','Dusun Jetis RT/RW 03/07 Pancuranmas Secang Magelang\r\n','Laki Laki','Menikah','Islam',4,'avatar.png','','','','0002038472842','17030685279','Banyuwangi','','','','\'3308201401870003','K.016.07.067','',''),(182,'Abu Rahman','rahman.abu87@gmail.com','081939498509','FME TE','','2016-07-01 00:00:00','1995-02-14 00:00:00','Ds. Lojikantang RT/RW 7/1 Kalianget Barat\r\n','Laki Laki','Menikah','',4,'avatar.png','','','','','','Situbondo','','','','3529021402950001','K.016.07.068','',''),(183,'Ashabul Yamin','','6287806562692','FME CME','','2016-07-01 00:00:00','1996-07-08 00:00:00','Jl. Ikan Wijinongko No. L6 Sobo Banyuwangi\r\n','Laki Laki','Belum Menikah','Islam',4,'avatar.png','','','','0001781397246','16030838003','Banyuwangi','','','','3510160107960038','K.016.07.069','',''),(184,'Frandika','frandika.adi84@gmail.com','087857686530','FME CME','','2016-07-01 00:00:00','1996-02-27 00:00:00','Jl. Letjend S. Parman A No.33 RT/RW 02/27 Kel. Kebonsari Jember\r\n','Laki Laki','Belum Menikah','Islam',4,'avatar.png','','','','0001780453192','16030838128','Jember','','','','3509212702960002','K.016.07.071','',''),(185,'EKO SETIAWAN','','081937650597','FME CME','','2016-07-01 00:00:00','1990-05-24 00:00:00','Perum PLN Dawuhan Situbondo\r\n','Laki Laki','Belum Menikah','Islam',4,'avatar.png','','','','0000115864481','17030685410','Genteng','','','','3512072405900002','K.016.07.072','',''),(186,'Aries Sukhoiri Putra','Ariessukhoiri@gmail.com','6287755581612','FME CME','','2016-07-01 00:00:00','1991-05-04 00:00:00','Sumber Alam RT/RW 26/08 Kec. Tenggarang\r\n','Laki Laki','Menikah','Islam',4,'avatar.png','','','','0001906217932','17019143175','Situbondo','','','','3511080404910001','K.016.07.073','',''),(187,'Hariri','haririxl@gmail.com','62817543947','FME TE','','2016-07-01 00:00:00','1983-10-02 00:00:00','Dusun Bunder Desa Sumberpinang Kec. Pakusari Kab.Jember\r\n','Laki Laki','Menikah','Islam',4,'avatar.png','','','','0001432271316','14000113325','Jember','','','','3509240210830001','K.016.07.074','',''),(188,'Eri Irawanto','eriirawanto@gmail.com','62818370876','FME FO','','2016-07-01 00:00:00','1988-02-16 00:00:00','Jl. Sumbersuko Gg. Jambu RT/RW 02/09 Lawang\r\n','Laki Laki','Menikah','Islam',4,'avatar.png','','','','','','Malang Raya','','','','3573011602880007','K.016.07.075','',''),(189,'M. Saiful Anwar','saifulhuawei@gmail.com','6281806133356','FME CME','','2016-07-01 00:00:00','1983-04-07 00:00:00','Jl. Sempal Wadak, Bululang Malang\r\n','Laki Laki','Menikah','Islam',4,'avatar.png','','','','','13038260009','Klojen','','','','3573010704830000','K.016.07.076','',''),(190,'Nursalim','nursalimmr@gmail.com','6281945778899','FME CME','','2016-07-01 00:00:00','1984-07-15 00:00:00','Ds. Ngibeng Kec. Panggul Trenggalek\r\n','Laki Laki','Menikah','Islam',4,'avatar.png','','','','0001804373548','12004025792','Baatu','','','','3603011507840006','K.016.07.077','',''),(191,'Feryanto Arimas','feryantoarimas22@gmail.com','6281937912000','FME CME','','2016-07-01 00:00:00','1985-02-07 00:00:00','Sambongrejo RT/RW 1/15 Kel. Balun Kec. Cepu\r\n','Laki Laki','Menikah','Islam',4,'avatar.png','','','','0001804380232','13038259993','Singosari','','','','3316050702850003','K.016.07.078','',''),(192,'Abdul Rojak','rozack.ojack@gmail.com','6287877802616','FME CME','','2016-07-01 00:00:00','1991-07-17 00:00:00','Jl. Pesantren RT/RW 04/05 Desa Karangkates Kec.Sumber Pucung Kab. Malang\r\n','Laki Laki','Menikah','Islam',4,'avatar.png','','','','','','Kepanjen','','','','3507121707910003','K.016.07.079','',''),(193,'Andik Dwi Irawan','andikpudji@gmail.com','6281803812221','FME CME','','2016-07-01 00:00:00','1977-11-08 00:00:00','Perum Griya Damai B.51 Basearjo Sari\r\n','Laki Laki','Menikah','Islam',4,'avatar.png','','','','0001328801264','17019143464','Lowokwaru','','','','3573010811770000','K.016.07.080','',''),(194,'Robertus Heka Sandy','clohox@gmail.com','6281931896888','FME CME','','2016-07-01 00:00:00','1986-10-18 00:00:00','Perum Taman Mulyorejo Kav. 9\r\n','Laki Laki','Menikah','Islam',4,'avatar.png','','','','0001780524472','13038259977','Kepanjen','','','','3573041810860014','K.016.07.081','',''),(195,'Rozi Zaelani','rozzy.zaelani@gmail.com','6287757243006','FME CME','','2016-07-01 00:00:00','1992-01-28 00:00:00','Dusun Krajan Kulon RT/RW 06/01 Selok Besuki Sukadono Lumajang\r\n','Laki Laki','Menikah','Islam',4,'avatar.png','','','','0002237020615','17019142441','Lumajang','','','','3508152801920001','K.016.07.084','',''),(196,'Agung Teguh Pribadi','','085941268385','FME CME','','2016-07-01 00:00:00','1988-04-09 00:00:00','Dusun Krajani RT/RW 12/04 Giagawero Kalisat Jember\r\n','Laki Laki','Menikah','Islam',4,'avatar.png','','','','0001780493365','17030685485','Pasuruan','','','','3509270904880003','K.016.07.085','',''),(197,'Akbar Antony ','akbar.antony@yahoo.com','6283849222260','FME TE','','2016-07-01 00:00:00','1978-10-28 00:00:00','Komplek DPU Blok A7 Waru Sidoarjo\r\n','Laki Laki','Menikah','Kristen',4,'avatar.png','','','','0001780493354','16030838060','Tanggullangin- wamayu','','','','3515152810780002','K.016.07.086','',''),(198,'M Rudi','mohrudi095@gmail.com','6287861842257','FME FO','','2016-07-01 00:00:00','1990-12-04 00:00:00','Ds. Nguruan RT/RW 02/01 Kec. Soko Kab. Tuban\r\n','Laki Laki','Menikah','Islam',4,'avatar.png','','','','\'0002077858539','17019142755','Lamongan','','','','3523110412900004','K.016.07.087','',''),(199,'MOH JUPRI','mjupri86@gmail.com','6287852534170','FME FO','','2016-07-01 00:00:00','1983-03-09 00:00:00','Ds. Nguruan RT/RW 06/02 Soko Tuban\r\n','Laki Laki','Menikah','Islam',4,'avatar.png','','','','0002077293251','16030838011','Surabaya','','','','3523110903830003','K.016.07.088','',''),(200,'Subki','bekisonian@gmail.com','6287753399597','FME HELPER RPM ','','2016-07-01 00:00:00','1990-03-01 00:00:00','','Laki Laki','Menikah','Islam',4,'avatar.png','','','','0001780524461','16030838144','Surabaya','','','','3522130803690004','K.016.07.089','',''),(201,'Hanif Faul Mujid','haniffaul92@gmail.com','6281946731646','FME CME','','2016-07-01 00:00:00','1982-10-14 00:00:00','Dsn. Josaren Ds. Kalirong Kab. Kediri\r\n','Laki Laki','Menikah','Islam',4,'avatar.png','','','','0002060435081','16018853396','Bojonegoro','','','','3506201410820003','K.016.07.090','',''),(202,'Arief Sulaksono','ariefsulaksono1611@gmail.com','6281913233119','FME FO','','2016-07-01 00:00:00','1962-09-19 00:00:00','Jl.Bali No. 77D\r\n','Laki Laki','Menikah','Islam',4,'avatar.png','','','','0001438252784','16030837989','Tulungagung','','','','3517091909620001','K.016.07.092','',''),(203,'Agus Prayetno','agusprayetno92.94@gmail.com','087702566501','FME CME ','','2016-07-01 00:00:00','1992-08-12 00:00:00','Dsn. Ngasem Ds. Kemplung Kec. Purwoasri Kab. Kediri\r\n','Laki Laki','Menikah','Islam',4,'avatar.png','','','','0001780453181','16030838086','Kediri','','','','3506151308920002','K.016.07.093','',''),(204,'nata','nata@gmail.com','081246198502','Sales','Rp 5.000.000','2018-03-08 00:00:00','1993-09-14 00:00:00','Perumahan Cemara Giri C15','Laki Laki','Menikah','Hindu',21,'avatar.png','<ul><li>Inventory : Laptop,Hardisk</li><li>Training : Komputer</li></ul>','Mandiri','nata','9172336363','616161616','Bali','S1','Stie','Manajemen','91277383883363','99988877766111','145828292010','5251515161717'),(205,'Gagan','','','','','2015-04-20 00:00:00','2015-04-20 00:00:00','Majalaya','Laki Laki','Menikah','',25,'avatar.png','','','','','','','SMA','','','','','',''),(206,'Hahahahah','','','','','2018-03-10 00:00:00','2018-04-05 00:00:00','','Laki Laki','Menikah','',26,'avatar.png','','','','','','','','','','','','','');
/*!40000 ALTER TABLE `employe` ENABLE KEYS */;
UNLOCK TABLES;

--
-- Table structure for table `kpi`
--

DROP TABLE IF EXISTS `kpi`;
/*!40101 SET @saved_cs_client     = @@character_set_client */;
/*!40101 SET character_set_client = utf8 */;
CREATE TABLE `kpi` (
  `id` int(11) NOT NULL AUTO_INCREMENT,
  `key` text,
  `indicator` varchar(100) DEFAULT NULL,
  `target` int(11) DEFAULT NULL,
  `complish` int(11) DEFAULT NULL,
  `result` float DEFAULT NULL,
  `date` datetime DEFAULT NULL,
  `kpis_id` int(11) DEFAULT NULL,
  `kpier_id` int(11) DEFAULT NULL,
  `kpier_owner` int(11) DEFAULT NULL,
  PRIMARY KEY (`id`),
  KEY `kpier_id` (`kpier_id`),
  KEY `kpis_id` (`kpis_id`),
  CONSTRAINT `kpi_ibfk_1` FOREIGN KEY (`kpier_id`) REFERENCES `user` (`id`),
  CONSTRAINT `kpi_ibfk_2` FOREIGN KEY (`kpis_id`) REFERENCES `employe` (`id`)
) ENGINE=InnoDB AUTO_INCREMENT=6 DEFAULT CHARSET=latin1;
/*!40101 SET character_set_client = @saved_cs_client */;

--
-- Dumping data for table `kpi`
--

LOCK TABLES `kpi` WRITE;
/*!40000 ALTER TABLE `kpi` DISABLE KEYS */;
INSERT INTO `kpi` VALUES (2,'Penjualan','Rp',5000000,10000000,100,'2018-03-10 06:45:17',204,21,21),(3,'Penjualan','jumlah',200,300,50,'2018-03-10 06:48:31',204,22,21),(4,'Penjualan','jumlah',200000,800000,300,'2018-04-19 23:06:02',206,26,26),(5,'Sakes','jumlah',20000000,500000,-97.5,'2018-04-20 19:24:28',206,26,26);
/*!40000 ALTER TABLE `kpi` ENABLE KEYS */;
UNLOCK TABLES;

--
-- Table structure for table `review`
--

DROP TABLE IF EXISTS `review`;
/*!40101 SET @saved_cs_client     = @@character_set_client */;
/*!40101 SET character_set_client = utf8 */;
CREATE TABLE `review` (
  `id` int(11) NOT NULL AUTO_INCREMENT,
  `review` text,
  `date` datetime DEFAULT NULL,
  `posted` varchar(100) DEFAULT NULL,
  `reviews_id` int(11) DEFAULT NULL,
  `reviewer_id` int(11) DEFAULT NULL,
  `reviewer_owner` int(11) DEFAULT NULL,
  PRIMARY KEY (`id`),
  KEY `reviews_id` (`reviews_id`),
  KEY `reviewer_id` (`reviewer_id`),
  CONSTRAINT `review_ibfk_1` FOREIGN KEY (`reviews_id`) REFERENCES `employe` (`id`),
  CONSTRAINT `review_ibfk_2` FOREIGN KEY (`reviewer_id`) REFERENCES `user` (`id`)
) ENGINE=InnoDB DEFAULT CHARSET=latin1;
/*!40101 SET character_set_client = @saved_cs_client */;

--
-- Dumping data for table `review`
--

LOCK TABLES `review` WRITE;
/*!40000 ALTER TABLE `review` DISABLE KEYS */;
/*!40000 ALTER TABLE `review` ENABLE KEYS */;
UNLOCK TABLES;

--
-- Table structure for table `user`
--

DROP TABLE IF EXISTS `user`;
/*!40101 SET @saved_cs_client     = @@character_set_client */;
/*!40101 SET character_set_client = utf8 */;
CREATE TABLE `user` (
  `id` int(11) NOT NULL AUTO_INCREMENT,
  `username` varchar(100) DEFAULT NULL,
  `email` varchar(100) DEFAULT NULL,
  `phone` varchar(100) DEFAULT NULL,
  `company` varchar(100) DEFAULT NULL,
  `password` varchar(100) DEFAULT NULL,
  `double_pass` varchar(400) DEFAULT NULL,
  `role` varchar(100) DEFAULT NULL,
  `trial_date` datetime DEFAULT NULL,
  `start_date` datetime DEFAULT NULL,
  `renew_date` datetime DEFAULT NULL,
  `status` varchar(100) DEFAULT NULL,
  `users` int(11) DEFAULT NULL,
  PRIMARY KEY (`id`)
) ENGINE=InnoDB AUTO_INCREMENT=28 DEFAULT CHARSET=latin1;
/*!40101 SET character_set_client = @saved_cs_client */;

--
-- Dumping data for table `user`
--

LOCK TABLES `user` WRITE;
/*!40000 ALTER TABLE `user` DISABLE KEYS */;
INSERT INTO `user` VALUES (4,'hrdmahasera','rezagunara@gmail.com','082316900095','pt mahasera','sha256$zQb5r7H4$04718ecaff421b9efb85037eb7dbe6dae8240caf9d196f92d4f21129bfd2402c',NULL,'user','2018-01-19 02:32:46','2018-01-26 02:32:46','2019-01-26 00:00:00','active',NULL),(5,'YOGA','yoga.indoraya@gmail.com','083831261828','INDORAYA GROSIR','sha256$K9RElpwe$da120b4426b3a02a9f5fb62fb3174d772cdb3508ac43e8ebff4637fc9b22152a',NULL,'user','2018-01-24 01:21:25','2018-01-31 01:21:25','2019-01-31 01:21:25','trial',NULL),(10,'user1','user1@gmail.com','081237311256','PT Maju Indonesia','sha256$h1IjfdKT$f89786615a0a9c222ce3c862d418c61959ffe02327b4fef925c92e5fde85fda9',NULL,'user','2018-02-02 08:18:08','2018-02-09 08:18:08','2019-02-09 08:18:08','trial',NULL),(12,'budi','budi@gmail.com','081237311256','PT Ini Budi','sha256$1ZEQs8xI$edf72d12af424ca647bf03a8ac1b1fcbaf63ecaedd266e36dacde87322167ec9',NULL,'user','2018-02-02 08:41:15','2018-02-09 08:41:15','2019-02-09 08:41:15','trial',NULL),(14,'natagon','nanana@akkaka.com','18181881','MAharea','sha256$xDkWAgrf$2e74b611f9a96ad6ca469b44d7b5a0128f5dfd908c312eb0de2583071785cc1d',NULL,'user','2018-02-12 23:15:23','2018-02-19 23:15:23','2019-02-19 23:15:23','trial',NULL),(16,'Member1','bossssku@gmail.com','bossssku@gmail.com','MAharea','sha256$8vlnIug2$6a7d43ee07b7608b03c4c7d210f73548acced1ad281af6f166fc65d4316449bc',NULL,'user','2018-02-13 04:46:01','2018-02-20 04:46:01','2019-02-20 04:46:01','trial',NULL),(21,'nata','easyhrd.com@gmail.com','081237311256','easyhrd','sha256$Fg62bRBW$4215e479d71780de15313da666cb85537e4a95e7a69d9578711ec048f692afe2',NULL,'user','2018-03-10 06:41:18','2018-03-17 06:41:18','2019-03-17 06:41:18','active',NULL),(22,'Natagon','natagon@nata.com',NULL,NULL,'sha256$okv3VSoK$09b6a0135ec37a48b4a8e5e74a0396cb7670b56fc3bafa664f9d9dfdf10feab8',NULL,'admin',NULL,NULL,NULL,NULL,21),(23,'I Kade Juli Artadi','eff.juliartadi@gmail.com','0817555600','Element Family Fun','sha256$5kbhzC5e$1a99a662622c863777ee32219b11d1bf1c02037e248956894f17dd7aaabd8c0c',NULL,'user','2018-03-30 03:00:18','2018-04-06 03:00:18','2019-04-06 03:00:18','trial',NULL),(24,'Ketut Santiasa','santiasa@live.com','081236449900','Indo Enterprise Solutions','sha256$hWv4Elbg$51fbec26c8b283db5aac4f1edb9add358c71d2b8a72a776650f27fed1644c0fd',NULL,'user','2018-04-03 09:17:14','2018-04-10 09:17:14','2019-04-10 09:17:14','trial',NULL),(25,'TaufiqKurnia','ovixcepot@gmail.com','082214141414','Tanultex','sha256$7TYW2w9v$f4fde8a14a2ee0753d8912b78581eccab0e0b8c2a662c4be33d292d79e4aaa4a',NULL,'user','2018-04-05 00:43:29','2018-04-12 00:43:29','2019-04-12 00:43:29','trial',NULL),(26,'Test','makinrame@gmail.com','makinrame@gmail.com','Test','sha256$2gJ9dpo0$9629b8930c431406b37db4b70aadb32a7bf95d777f11293328c7148b2a476391',NULL,'user','2018-04-19 23:04:53','2018-04-26 23:04:53','2019-04-26 23:04:53','trial',NULL),(27,'Nata','user2@gmail.com','231134664','Nannaa','sha256$zviOVRzw$8bba3aadfe8d6fdfab79d7d2f5e61838366a2fc6c24cee89b31c1c162e8bf01d',NULL,'user','2018-04-27 06:34:09','2018-05-04 06:34:09','2019-05-04 06:34:09','trial',NULL);
/*!40000 ALTER TABLE `user` ENABLE KEYS */;
UNLOCK TABLES;
/*!40103 SET TIME_ZONE=@OLD_TIME_ZONE */;

/*!40101 SET SQL_MODE=@OLD_SQL_MODE */;
/*!40014 SET FOREIGN_KEY_CHECKS=@OLD_FOREIGN_KEY_CHECKS */;
/*!40014 SET UNIQUE_CHECKS=@OLD_UNIQUE_CHECKS */;
/*!40101 SET CHARACTER_SET_CLIENT=@OLD_CHARACTER_SET_CLIENT */;
/*!40101 SET CHARACTER_SET_RESULTS=@OLD_CHARACTER_SET_RESULTS */;
/*!40101 SET COLLATION_CONNECTION=@OLD_COLLATION_CONNECTION */;
/*!40111 SET SQL_NOTES=@OLD_SQL_NOTES */;

-- Dump completed on 2018-06-21 10:08:53
